키워드,대학,권역,면접유형,광고그룹,티어,검토필요
의대면접,(공통),-,-,공통,T0,
의대면접학원,(공통),-,-,공통,T0,
의대면접과외,(공통),-,-,공통,T0,
의대면접준비,(공통),-,-,공통,T0,
의대면접대비,(공통),-,-,공통,T0,
의대면접기출,(공통),-,-,공통,T0,
의대면접일정,(공통),-,-,공통,T0,
의대면접후기,(공통),-,-,공통,T0,
의대면접문제,(공통),-,-,공통,T0,
의대면접유형,(공통),-,-,공통,T0,
의대면접컨설팅,(공통),-,-,공통,T0,
2027의대면접,(공통),-,-,공통,T0,
의대수시면접,(공통),-,-,공통,T0,
의예과면접,(공통),-,-,공통,T0,
의대1차발표,(공통),-,-,공통,T0,
의대면접복장,(공통),-,-,공통,T0,
의대mmi,(공통),-,-,공통,T0,
의대mmi면접,(공통),-,-,공통,T0,
mmi면접,(공통),-,-,공통,T0,
mmi면접준비,(공통),-,-,공통,T0,
mmi면접학원,(공통),-,-,공통,T0,
다중미니면접,(공통),-,-,공통,T0,
의대인적성면접,(공통),-,-,공통,T0,
인적성면접,(공통),-,-,공통,T0,
의대제시문면접,(공통),-,-,공통,T0,
제시문면접,(공통),-,-,공통,T0,
의대생기부면접,(공통),-,-,공통,T0,
의대서류확인면접,(공통),-,-,공통,T0,
의대면접1대1,(공통),-,-,공통,T0,
의대면접온라인,(공통),-,-,공통,T0,
의대면접줌,(공통),-,-,공통,T0,
가천대의대면접,가천대,수도권,인·적성,가천대,T1 핵심,
가천대의대인적성면접,가천대,수도권,인·적성,가천대,T2 유형,
가천대의대생기부면접,가천대,수도권,인·적성,가천대,T2 유형,
가천대의대서류확인면접,가천대,수도권,인·적성,가천대,T2 유형,
가천대의예과면접,가천대,수도권,인·적성,가천대,T1 핵심,
가천대의예과인적성면접,가천대,수도권,인·적성,가천대,T2 유형,
가천대의예과생기부면접,가천대,수도권,인·적성,가천대,T2 유형,
가천대의예과서류확인면접,가천대,수도권,인·적성,가천대,T2 유형,
가천대의대면접기출,가천대,수도권,인·적성,가천대,T3 행동·정보,
가천대의대면접문제,가천대,수도권,인·적성,가천대,T3 행동·정보,
가천대의대면접일,가천대,수도권,인·적성,가천대,T3 행동·정보,
가천대의대면접일정,가천대,수도권,인·적성,가천대,T3 행동·정보,
가천대의대면접준비,가천대,수도권,인·적성,가천대,T3 행동·정보,
가천대의대면접대비,가천대,수도권,인·적성,가천대,T3 행동·정보,
가천대의대면접학원,가천대,수도권,인·적성,가천대,T3 행동·정보,
가천대의대면접과외,가천대,수도권,인·적성,가천대,T3 행동·정보,
가천대의대면접후기,가천대,수도권,인·적성,가천대,T3 행동·정보,
가천의대면접,가천대,수도권,인·적성,가천대,T1 핵심,
가천의대인적성면접,가천대,수도권,인·적성,가천대,T2 유형,
가천의대생기부면접,가천대,수도권,인·적성,가천대,T2 유형,
가천의대서류확인면접,가천대,수도권,인·적성,가천대,T2 유형,
가천의예과면접,가천대,수도권,인·적성,가천대,T1 핵심,
가천의예과인적성면접,가천대,수도권,인·적성,가천대,T2 유형,
가천의예과생기부면접,가천대,수도권,인·적성,가천대,T2 유형,
가천의예과서류확인면접,가천대,수도권,인·적성,가천대,T2 유형,
가천의대면접기출,가천대,수도권,인·적성,가천대,T3 행동·정보,
가천의대면접문제,가천대,수도권,인·적성,가천대,T3 행동·정보,
가천의대면접일,가천대,수도권,인·적성,가천대,T3 행동·정보,
가천의대면접일정,가천대,수도권,인·적성,가천대,T3 행동·정보,
가천의대면접준비,가천대,수도권,인·적성,가천대,T3 행동·정보,
가천의대면접대비,가천대,수도권,인·적성,가천대,T3 행동·정보,
가천의대면접학원,가천대,수도권,인·적성,가천대,T3 행동·정보,
가천의대면접과외,가천대,수도권,인·적성,가천대,T3 행동·정보,
가천의대면접후기,가천대,수도권,인·적성,가천대,T3 행동·정보,
가톨릭대의대면접,가톨릭대,수도권,MMI,가톨릭대,T1 핵심,
가톨릭대의대mmi,가톨릭대,수도권,MMI,가톨릭대,T2 유형,
가톨릭대의대mmi면접,가톨릭대,수도권,MMI,가톨릭대,T2 유형,
가톨릭대의대다중미니면접,가톨릭대,수도권,MMI,가톨릭대,T2 유형,
가톨릭대의예과면접,가톨릭대,수도권,MMI,가톨릭대,T1 핵심,
가톨릭대의예과mmi,가톨릭대,수도권,MMI,가톨릭대,T2 유형,
가톨릭대의예과mmi면접,가톨릭대,수도권,MMI,가톨릭대,T2 유형,
가톨릭대의예과다중미니면접,가톨릭대,수도권,MMI,가톨릭대,T2 유형,
가톨릭대의대면접기출,가톨릭대,수도권,MMI,가톨릭대,T3 행동·정보,
가톨릭대의대면접문제,가톨릭대,수도권,MMI,가톨릭대,T3 행동·정보,
가톨릭대의대면접일,가톨릭대,수도권,MMI,가톨릭대,T3 행동·정보,
가톨릭대의대면접일정,가톨릭대,수도권,MMI,가톨릭대,T3 행동·정보,
가톨릭대의대면접준비,가톨릭대,수도권,MMI,가톨릭대,T3 행동·정보,
가톨릭대의대면접대비,가톨릭대,수도권,MMI,가톨릭대,T3 행동·정보,
가톨릭대의대면접학원,가톨릭대,수도권,MMI,가톨릭대,T3 행동·정보,
가톨릭대의대면접과외,가톨릭대,수도권,MMI,가톨릭대,T3 행동·정보,
가톨릭대의대면접후기,가톨릭대,수도권,MMI,가톨릭대,T3 행동·정보,
카톨릭대의대면접,가톨릭대,수도권,MMI,가톨릭대,T1 핵심,
카톨릭대의대mmi,가톨릭대,수도권,MMI,가톨릭대,T2 유형,
카톨릭대의대mmi면접,가톨릭대,수도권,MMI,가톨릭대,T2 유형,
카톨릭대의대다중미니면접,가톨릭대,수도권,MMI,가톨릭대,T2 유형,
카톨릭대의예과면접,가톨릭대,수도권,MMI,가톨릭대,T1 핵심,
카톨릭대의예과mmi,가톨릭대,수도권,MMI,가톨릭대,T2 유형,
카톨릭대의예과mmi면접,가톨릭대,수도권,MMI,가톨릭대,T2 유형,
카톨릭대의예과다중미니면접,가톨릭대,수도권,MMI,가톨릭대,T2 유형,
카톨릭대의대면접기출,가톨릭대,수도권,MMI,가톨릭대,T3 행동·정보,
카톨릭대의대면접문제,가톨릭대,수도권,MMI,가톨릭대,T3 행동·정보,
카톨릭대의대면접일,가톨릭대,수도권,MMI,가톨릭대,T3 행동·정보,
카톨릭대의대면접일정,가톨릭대,수도권,MMI,가톨릭대,T3 행동·정보,
카톨릭대의대면접준비,가톨릭대,수도권,MMI,가톨릭대,T3 행동·정보,
카톨릭대의대면접대비,가톨릭대,수도권,MMI,가톨릭대,T3 행동·정보,
카톨릭대의대면접학원,가톨릭대,수도권,MMI,가톨릭대,T3 행동·정보,
카톨릭대의대면접과외,가톨릭대,수도권,MMI,가톨릭대,T3 행동·정보,
카톨릭대의대면접후기,가톨릭대,수도권,MMI,가톨릭대,T3 행동·정보,
가대의대면접,가톨릭대,수도권,MMI,가톨릭대,T1 핵심,가천대·가톨릭대 혼동 가능
가대의대mmi,가톨릭대,수도권,MMI,가톨릭대,T2 유형,가천대·가톨릭대 혼동 가능
가대의대mmi면접,가톨릭대,수도권,MMI,가톨릭대,T2 유형,가천대·가톨릭대 혼동 가능
가대의대다중미니면접,가톨릭대,수도권,MMI,가톨릭대,T2 유형,가천대·가톨릭대 혼동 가능
가대의예과면접,가톨릭대,수도권,MMI,가톨릭대,T1 핵심,가천대·가톨릭대 혼동 가능
가대의예과mmi,가톨릭대,수도권,MMI,가톨릭대,T2 유형,가천대·가톨릭대 혼동 가능
가대의예과mmi면접,가톨릭대,수도권,MMI,가톨릭대,T2 유형,가천대·가톨릭대 혼동 가능
가대의예과다중미니면접,가톨릭대,수도권,MMI,가톨릭대,T2 유형,가천대·가톨릭대 혼동 가능
가대의대면접기출,가톨릭대,수도권,MMI,가톨릭대,T3 행동·정보,가천대·가톨릭대 혼동 가능
가대의대면접문제,가톨릭대,수도권,MMI,가톨릭대,T3 행동·정보,가천대·가톨릭대 혼동 가능
가대의대면접일,가톨릭대,수도권,MMI,가톨릭대,T3 행동·정보,가천대·가톨릭대 혼동 가능
가대의대면접일정,가톨릭대,수도권,MMI,가톨릭대,T3 행동·정보,가천대·가톨릭대 혼동 가능
가대의대면접준비,가톨릭대,수도권,MMI,가톨릭대,T3 행동·정보,가천대·가톨릭대 혼동 가능
가대의대면접대비,가톨릭대,수도권,MMI,가톨릭대,T3 행동·정보,가천대·가톨릭대 혼동 가능
가대의대면접학원,가톨릭대,수도권,MMI,가톨릭대,T3 행동·정보,가천대·가톨릭대 혼동 가능
가대의대면접과외,가톨릭대,수도권,MMI,가톨릭대,T3 행동·정보,가천대·가톨릭대 혼동 가능
가대의대면접후기,가톨릭대,수도권,MMI,가톨릭대,T3 행동·정보,가천대·가톨릭대 혼동 가능
가톨릭의대면접,가톨릭대,수도권,MMI,가톨릭대,T1 핵심,
가톨릭의대mmi,가톨릭대,수도권,MMI,가톨릭대,T2 유형,
가톨릭의대mmi면접,가톨릭대,수도권,MMI,가톨릭대,T2 유형,
가톨릭의대다중미니면접,가톨릭대,수도권,MMI,가톨릭대,T2 유형,
가톨릭의예과면접,가톨릭대,수도권,MMI,가톨릭대,T1 핵심,
가톨릭의예과mmi,가톨릭대,수도권,MMI,가톨릭대,T2 유형,
가톨릭의예과mmi면접,가톨릭대,수도권,MMI,가톨릭대,T2 유형,
가톨릭의예과다중미니면접,가톨릭대,수도권,MMI,가톨릭대,T2 유형,
가톨릭의대면접기출,가톨릭대,수도권,MMI,가톨릭대,T3 행동·정보,
가톨릭의대면접문제,가톨릭대,수도권,MMI,가톨릭대,T3 행동·정보,
가톨릭의대면접일,가톨릭대,수도권,MMI,가톨릭대,T3 행동·정보,
가톨릭의대면접일정,가톨릭대,수도권,MMI,가톨릭대,T3 행동·정보,
가톨릭의대면접준비,가톨릭대,수도권,MMI,가톨릭대,T3 행동·정보,
가톨릭의대면접대비,가톨릭대,수도권,MMI,가톨릭대,T3 행동·정보,
가톨릭의대면접학원,가톨릭대,수도권,MMI,가톨릭대,T3 행동·정보,
가톨릭의대면접과외,가톨릭대,수도권,MMI,가톨릭대,T3 행동·정보,
가톨릭의대면접후기,가톨릭대,수도권,MMI,가톨릭대,T3 행동·정보,
경희대의대면접,경희대,수도권,인·적성,경희대,T1 핵심,
경희대의대인적성면접,경희대,수도권,인·적성,경희대,T2 유형,
경희대의대생기부면접,경희대,수도권,인·적성,경희대,T2 유형,
경희대의대서류확인면접,경희대,수도권,인·적성,경희대,T2 유형,
경희대의예과면접,경희대,수도권,인·적성,경희대,T1 핵심,
경희대의예과인적성면접,경희대,수도권,인·적성,경희대,T2 유형,
경희대의예과생기부면접,경희대,수도권,인·적성,경희대,T2 유형,
경희대의예과서류확인면접,경희대,수도권,인·적성,경희대,T2 유형,
경희대의대면접기출,경희대,수도권,인·적성,경희대,T3 행동·정보,
경희대의대면접문제,경희대,수도권,인·적성,경희대,T3 행동·정보,
경희대의대면접일,경희대,수도권,인·적성,경희대,T3 행동·정보,
경희대의대면접일정,경희대,수도권,인·적성,경희대,T3 행동·정보,
경희대의대면접준비,경희대,수도권,인·적성,경희대,T3 행동·정보,
경희대의대면접대비,경희대,수도권,인·적성,경희대,T3 행동·정보,
경희대의대면접학원,경희대,수도권,인·적성,경희대,T3 행동·정보,
경희대의대면접과외,경희대,수도권,인·적성,경희대,T3 행동·정보,
경희대의대면접후기,경희대,수도권,인·적성,경희대,T3 행동·정보,
경희의대면접,경희대,수도권,인·적성,경희대,T1 핵심,
경희의대인적성면접,경희대,수도권,인·적성,경희대,T2 유형,
경희의대생기부면접,경희대,수도권,인·적성,경희대,T2 유형,
경희의대서류확인면접,경희대,수도권,인·적성,경희대,T2 유형,
경희의예과면접,경희대,수도권,인·적성,경희대,T1 핵심,
경희의예과인적성면접,경희대,수도권,인·적성,경희대,T2 유형,
경희의예과생기부면접,경희대,수도권,인·적성,경희대,T2 유형,
경희의예과서류확인면접,경희대,수도권,인·적성,경희대,T2 유형,
경희의대면접기출,경희대,수도권,인·적성,경희대,T3 행동·정보,
경희의대면접문제,경희대,수도권,인·적성,경희대,T3 행동·정보,
경희의대면접일,경희대,수도권,인·적성,경희대,T3 행동·정보,
경희의대면접일정,경희대,수도권,인·적성,경희대,T3 행동·정보,
경희의대면접준비,경희대,수도권,인·적성,경희대,T3 행동·정보,
경희의대면접대비,경희대,수도권,인·적성,경희대,T3 행동·정보,
경희의대면접학원,경희대,수도권,인·적성,경희대,T3 행동·정보,
경희의대면접과외,경희대,수도권,인·적성,경희대,T3 행동·정보,
경희의대면접후기,경희대,수도권,인·적성,경희대,T3 행동·정보,
고려대의대면접,고려대,수도권,MMI,고려대,T1 핵심,
고려대의대mmi,고려대,수도권,MMI,고려대,T2 유형,
고려대의대mmi면접,고려대,수도권,MMI,고려대,T2 유형,
고려대의대다중미니면접,고려대,수도권,MMI,고려대,T2 유형,
고려대의예과면접,고려대,수도권,MMI,고려대,T1 핵심,
고려대의예과mmi,고려대,수도권,MMI,고려대,T2 유형,
고려대의예과mmi면접,고려대,수도권,MMI,고려대,T2 유형,
고려대의예과다중미니면접,고려대,수도권,MMI,고려대,T2 유형,
고려대의대면접기출,고려대,수도권,MMI,고려대,T3 행동·정보,
고려대의대면접문제,고려대,수도권,MMI,고려대,T3 행동·정보,
고려대의대면접일,고려대,수도권,MMI,고려대,T3 행동·정보,
고려대의대면접일정,고려대,수도권,MMI,고려대,T3 행동·정보,
고려대의대면접준비,고려대,수도권,MMI,고려대,T3 행동·정보,
고려대의대면접대비,고려대,수도권,MMI,고려대,T3 행동·정보,
고려대의대면접학원,고려대,수도권,MMI,고려대,T3 행동·정보,
고려대의대면접과외,고려대,수도권,MMI,고려대,T3 행동·정보,
고려대의대면접후기,고려대,수도권,MMI,고려대,T3 행동·정보,
고대의대면접,고려대,수도권,MMI,고려대,T1 핵심,
고대의대mmi,고려대,수도권,MMI,고려대,T2 유형,
고대의대mmi면접,고려대,수도권,MMI,고려대,T2 유형,
고대의대다중미니면접,고려대,수도권,MMI,고려대,T2 유형,
고대의예과면접,고려대,수도권,MMI,고려대,T1 핵심,
고대의예과mmi,고려대,수도권,MMI,고려대,T2 유형,
고대의예과mmi면접,고려대,수도권,MMI,고려대,T2 유형,
고대의예과다중미니면접,고려대,수도권,MMI,고려대,T2 유형,
고대의대면접기출,고려대,수도권,MMI,고려대,T3 행동·정보,
고대의대면접문제,고려대,수도권,MMI,고려대,T3 행동·정보,
고대의대면접일,고려대,수도권,MMI,고려대,T3 행동·정보,
고대의대면접일정,고려대,수도권,MMI,고려대,T3 행동·정보,
고대의대면접준비,고려대,수도권,MMI,고려대,T3 행동·정보,
고대의대면접대비,고려대,수도권,MMI,고려대,T3 행동·정보,
고대의대면접학원,고려대,수도권,MMI,고려대,T3 행동·정보,
고대의대면접과외,고려대,수도권,MMI,고려대,T3 행동·정보,
고대의대면접후기,고려대,수도권,MMI,고려대,T3 행동·정보,
고려의대면접,고려대,수도권,MMI,고려대,T1 핵심,
고려의대mmi,고려대,수도권,MMI,고려대,T2 유형,
고려의대mmi면접,고려대,수도권,MMI,고려대,T2 유형,
고려의대다중미니면접,고려대,수도권,MMI,고려대,T2 유형,
고려의예과면접,고려대,수도권,MMI,고려대,T1 핵심,
고려의예과mmi,고려대,수도권,MMI,고려대,T2 유형,
고려의예과mmi면접,고려대,수도권,MMI,고려대,T2 유형,
고려의예과다중미니면접,고려대,수도권,MMI,고려대,T2 유형,
고려의대면접기출,고려대,수도권,MMI,고려대,T3 행동·정보,
고려의대면접문제,고려대,수도권,MMI,고려대,T3 행동·정보,
고려의대면접일,고려대,수도권,MMI,고려대,T3 행동·정보,
고려의대면접일정,고려대,수도권,MMI,고려대,T3 행동·정보,
고려의대면접준비,고려대,수도권,MMI,고려대,T3 행동·정보,
고려의대면접대비,고려대,수도권,MMI,고려대,T3 행동·정보,
고려의대면접학원,고려대,수도권,MMI,고려대,T3 행동·정보,
고려의대면접과외,고려대,수도권,MMI,고려대,T3 행동·정보,
고려의대면접후기,고려대,수도권,MMI,고려대,T3 행동·정보,
서울대의대면접,서울대,수도권,MMI,서울대,T1 핵심,
서울대의대mmi,서울대,수도권,MMI,서울대,T2 유형,
서울대의대mmi면접,서울대,수도권,MMI,서울대,T2 유형,
서울대의대다중미니면접,서울대,수도권,MMI,서울대,T2 유형,
서울대의예과면접,서울대,수도권,MMI,서울대,T1 핵심,
서울대의예과mmi,서울대,수도권,MMI,서울대,T2 유형,
서울대의예과mmi면접,서울대,수도권,MMI,서울대,T2 유형,
서울대의예과다중미니면접,서울대,수도권,MMI,서울대,T2 유형,
서울대의대면접기출,서울대,수도권,MMI,서울대,T3 행동·정보,
서울대의대면접문제,서울대,수도권,MMI,서울대,T3 행동·정보,
서울대의대면접일,서울대,수도권,MMI,서울대,T3 행동·정보,
서울대의대면접일정,서울대,수도권,MMI,서울대,T3 행동·정보,
서울대의대면접준비,서울대,수도권,MMI,서울대,T3 행동·정보,
서울대의대면접대비,서울대,수도권,MMI,서울대,T3 행동·정보,
서울대의대면접학원,서울대,수도권,MMI,서울대,T3 행동·정보,
서울대의대면접과외,서울대,수도권,MMI,서울대,T3 행동·정보,
서울대의대면접후기,서울대,수도권,MMI,서울대,T3 행동·정보,
서울의대면접,서울대,수도권,MMI,서울대,T1 핵심,
서울의대mmi,서울대,수도권,MMI,서울대,T2 유형,
서울의대mmi면접,서울대,수도권,MMI,서울대,T2 유형,
서울의대다중미니면접,서울대,수도권,MMI,서울대,T2 유형,
서울의예과면접,서울대,수도권,MMI,서울대,T1 핵심,
서울의예과mmi,서울대,수도권,MMI,서울대,T2 유형,
서울의예과mmi면접,서울대,수도권,MMI,서울대,T2 유형,
서울의예과다중미니면접,서울대,수도권,MMI,서울대,T2 유형,
서울의대면접기출,서울대,수도권,MMI,서울대,T3 행동·정보,
서울의대면접문제,서울대,수도권,MMI,서울대,T3 행동·정보,
서울의대면접일,서울대,수도권,MMI,서울대,T3 행동·정보,
서울의대면접일정,서울대,수도권,MMI,서울대,T3 행동·정보,
서울의대면접준비,서울대,수도권,MMI,서울대,T3 행동·정보,
서울의대면접대비,서울대,수도권,MMI,서울대,T3 행동·정보,
서울의대면접학원,서울대,수도권,MMI,서울대,T3 행동·정보,
서울의대면접과외,서울대,수도권,MMI,서울대,T3 행동·정보,
서울의대면접후기,서울대,수도권,MMI,서울대,T3 행동·정보,
설대의대면접,서울대,수도권,MMI,서울대,T1 핵심,은어 — 검색량 확인 후 등록
설대의대mmi,서울대,수도권,MMI,서울대,T2 유형,은어 — 검색량 확인 후 등록
설대의대mmi면접,서울대,수도권,MMI,서울대,T2 유형,은어 — 검색량 확인 후 등록
설대의대다중미니면접,서울대,수도권,MMI,서울대,T2 유형,은어 — 검색량 확인 후 등록
설대의예과면접,서울대,수도권,MMI,서울대,T1 핵심,은어 — 검색량 확인 후 등록
설대의예과mmi,서울대,수도권,MMI,서울대,T2 유형,은어 — 검색량 확인 후 등록
설대의예과mmi면접,서울대,수도권,MMI,서울대,T2 유형,은어 — 검색량 확인 후 등록
설대의예과다중미니면접,서울대,수도권,MMI,서울대,T2 유형,은어 — 검색량 확인 후 등록
설대의대면접기출,서울대,수도권,MMI,서울대,T3 행동·정보,은어 — 검색량 확인 후 등록
설대의대면접문제,서울대,수도권,MMI,서울대,T3 행동·정보,은어 — 검색량 확인 후 등록
설대의대면접일,서울대,수도권,MMI,서울대,T3 행동·정보,은어 — 검색량 확인 후 등록
설대의대면접일정,서울대,수도권,MMI,서울대,T3 행동·정보,은어 — 검색량 확인 후 등록
설대의대면접준비,서울대,수도권,MMI,서울대,T3 행동·정보,은어 — 검색량 확인 후 등록
설대의대면접대비,서울대,수도권,MMI,서울대,T3 행동·정보,은어 — 검색량 확인 후 등록
설대의대면접학원,서울대,수도권,MMI,서울대,T3 행동·정보,은어 — 검색량 확인 후 등록
설대의대면접과외,서울대,수도권,MMI,서울대,T3 행동·정보,은어 — 검색량 확인 후 등록
설대의대면접후기,서울대,수도권,MMI,서울대,T3 행동·정보,은어 — 검색량 확인 후 등록
성균관대의대면접,성균관대,수도권,인·적성,성균관대,T1 핵심,
성균관대의대인적성면접,성균관대,수도권,인·적성,성균관대,T2 유형,
성균관대의대생기부면접,성균관대,수도권,인·적성,성균관대,T2 유형,
성균관대의대서류확인면접,성균관대,수도권,인·적성,성균관대,T2 유형,
성균관대의예과면접,성균관대,수도권,인·적성,성균관대,T1 핵심,
성균관대의예과인적성면접,성균관대,수도권,인·적성,성균관대,T2 유형,
성균관대의예과생기부면접,성균관대,수도권,인·적성,성균관대,T2 유형,
성균관대의예과서류확인면접,성균관대,수도권,인·적성,성균관대,T2 유형,
성균관대의대면접기출,성균관대,수도권,인·적성,성균관대,T3 행동·정보,
성균관대의대면접문제,성균관대,수도권,인·적성,성균관대,T3 행동·정보,
성균관대의대면접일,성균관대,수도권,인·적성,성균관대,T3 행동·정보,
성균관대의대면접일정,성균관대,수도권,인·적성,성균관대,T3 행동·정보,
성균관대의대면접준비,성균관대,수도권,인·적성,성균관대,T3 행동·정보,
성균관대의대면접대비,성균관대,수도권,인·적성,성균관대,T3 행동·정보,
성균관대의대면접학원,성균관대,수도권,인·적성,성균관대,T3 행동·정보,
성균관대의대면접과외,성균관대,수도권,인·적성,성균관대,T3 행동·정보,
성균관대의대면접후기,성균관대,수도권,인·적성,성균관대,T3 행동·정보,
성대의대면접,성균관대,수도권,인·적성,성균관대,T1 핵심,성신여대 등과 혼동 가능
성대의대인적성면접,성균관대,수도권,인·적성,성균관대,T2 유형,성신여대 등과 혼동 가능
성대의대생기부면접,성균관대,수도권,인·적성,성균관대,T2 유형,성신여대 등과 혼동 가능
성대의대서류확인면접,성균관대,수도권,인·적성,성균관대,T2 유형,성신여대 등과 혼동 가능
성대의예과면접,성균관대,수도권,인·적성,성균관대,T1 핵심,성신여대 등과 혼동 가능
성대의예과인적성면접,성균관대,수도권,인·적성,성균관대,T2 유형,성신여대 등과 혼동 가능
성대의예과생기부면접,성균관대,수도권,인·적성,성균관대,T2 유형,성신여대 등과 혼동 가능
성대의예과서류확인면접,성균관대,수도권,인·적성,성균관대,T2 유형,성신여대 등과 혼동 가능
성대의대면접기출,성균관대,수도권,인·적성,성균관대,T3 행동·정보,성신여대 등과 혼동 가능
성대의대면접문제,성균관대,수도권,인·적성,성균관대,T3 행동·정보,성신여대 등과 혼동 가능
성대의대면접일,성균관대,수도권,인·적성,성균관대,T3 행동·정보,성신여대 등과 혼동 가능
성대의대면접일정,성균관대,수도권,인·적성,성균관대,T3 행동·정보,성신여대 등과 혼동 가능
성대의대면접준비,성균관대,수도권,인·적성,성균관대,T3 행동·정보,성신여대 등과 혼동 가능
성대의대면접대비,성균관대,수도권,인·적성,성균관대,T3 행동·정보,성신여대 등과 혼동 가능
성대의대면접학원,성균관대,수도권,인·적성,성균관대,T3 행동·정보,성신여대 등과 혼동 가능
성대의대면접과외,성균관대,수도권,인·적성,성균관대,T3 행동·정보,성신여대 등과 혼동 가능
성대의대면접후기,성균관대,수도권,인·적성,성균관대,T3 행동·정보,성신여대 등과 혼동 가능
성균관의대면접,성균관대,수도권,인·적성,성균관대,T1 핵심,
성균관의대인적성면접,성균관대,수도권,인·적성,성균관대,T2 유형,
성균관의대생기부면접,성균관대,수도권,인·적성,성균관대,T2 유형,
성균관의대서류확인면접,성균관대,수도권,인·적성,성균관대,T2 유형,
성균관의예과면접,성균관대,수도권,인·적성,성균관대,T1 핵심,
성균관의예과인적성면접,성균관대,수도권,인·적성,성균관대,T2 유형,
성균관의예과생기부면접,성균관대,수도권,인·적성,성균관대,T2 유형,
성균관의예과서류확인면접,성균관대,수도권,인·적성,성균관대,T2 유형,
성균관의대면접기출,성균관대,수도권,인·적성,성균관대,T3 행동·정보,
성균관의대면접문제,성균관대,수도권,인·적성,성균관대,T3 행동·정보,
성균관의대면접일,성균관대,수도권,인·적성,성균관대,T3 행동·정보,
성균관의대면접일정,성균관대,수도권,인·적성,성균관대,T3 행동·정보,
성균관의대면접준비,성균관대,수도권,인·적성,성균관대,T3 행동·정보,
성균관의대면접대비,성균관대,수도권,인·적성,성균관대,T3 행동·정보,
성균관의대면접학원,성균관대,수도권,인·적성,성균관대,T3 행동·정보,
성균관의대면접과외,성균관대,수도권,인·적성,성균관대,T3 행동·정보,
성균관의대면접후기,성균관대,수도권,인·적성,성균관대,T3 행동·정보,
아주대의대면접,아주대,수도권,인·적성,아주대,T1 핵심,
아주대의대인적성면접,아주대,수도권,인·적성,아주대,T2 유형,
아주대의대생기부면접,아주대,수도권,인·적성,아주대,T2 유형,
아주대의대서류확인면접,아주대,수도권,인·적성,아주대,T2 유형,
아주대의예과면접,아주대,수도권,인·적성,아주대,T1 핵심,
아주대의예과인적성면접,아주대,수도권,인·적성,아주대,T2 유형,
아주대의예과생기부면접,아주대,수도권,인·적성,아주대,T2 유형,
아주대의예과서류확인면접,아주대,수도권,인·적성,아주대,T2 유형,
아주대의대면접기출,아주대,수도권,인·적성,아주대,T3 행동·정보,
아주대의대면접문제,아주대,수도권,인·적성,아주대,T3 행동·정보,
아주대의대면접일,아주대,수도권,인·적성,아주대,T3 행동·정보,
아주대의대면접일정,아주대,수도권,인·적성,아주대,T3 행동·정보,
아주대의대면접준비,아주대,수도권,인·적성,아주대,T3 행동·정보,
아주대의대면접대비,아주대,수도권,인·적성,아주대,T3 행동·정보,
아주대의대면접학원,아주대,수도권,인·적성,아주대,T3 행동·정보,
아주대의대면접과외,아주대,수도권,인·적성,아주대,T3 행동·정보,
아주대의대면접후기,아주대,수도권,인·적성,아주대,T3 행동·정보,
아주의대면접,아주대,수도권,인·적성,아주대,T1 핵심,
아주의대인적성면접,아주대,수도권,인·적성,아주대,T2 유형,
아주의대생기부면접,아주대,수도권,인·적성,아주대,T2 유형,
아주의대서류확인면접,아주대,수도권,인·적성,아주대,T2 유형,
아주의예과면접,아주대,수도권,인·적성,아주대,T1 핵심,
아주의예과인적성면접,아주대,수도권,인·적성,아주대,T2 유형,
아주의예과생기부면접,아주대,수도권,인·적성,아주대,T2 유형,
아주의예과서류확인면접,아주대,수도권,인·적성,아주대,T2 유형,
아주의대면접기출,아주대,수도권,인·적성,아주대,T3 행동·정보,
아주의대면접문제,아주대,수도권,인·적성,아주대,T3 행동·정보,
아주의대면접일,아주대,수도권,인·적성,아주대,T3 행동·정보,
아주의대면접일정,아주대,수도권,인·적성,아주대,T3 행동·정보,
아주의대면접준비,아주대,수도권,인·적성,아주대,T3 행동·정보,
아주의대면접대비,아주대,수도권,인·적성,아주대,T3 행동·정보,
아주의대면접학원,아주대,수도권,인·적성,아주대,T3 행동·정보,
아주의대면접과외,아주대,수도권,인·적성,아주대,T3 행동·정보,
아주의대면접후기,아주대,수도권,인·적성,아주대,T3 행동·정보,
연세대의대면접,연세대,수도권,제시문,연세대,T1 핵심,
연세대의대제시문면접,연세대,수도권,제시문,연세대,T2 유형,
연세대의대제시문,연세대,수도권,제시문,연세대,T2 유형,
연세대의예과면접,연세대,수도권,제시문,연세대,T1 핵심,
연세대의예과제시문면접,연세대,수도권,제시문,연세대,T2 유형,
연세대의예과제시문,연세대,수도권,제시문,연세대,T2 유형,
연세대의대면접기출,연세대,수도권,제시문,연세대,T3 행동·정보,
연세대의대면접문제,연세대,수도권,제시문,연세대,T3 행동·정보,
연세대의대면접일,연세대,수도권,제시문,연세대,T3 행동·정보,
연세대의대면접일정,연세대,수도권,제시문,연세대,T3 행동·정보,
연세대의대면접준비,연세대,수도권,제시문,연세대,T3 행동·정보,
연세대의대면접대비,연세대,수도권,제시문,연세대,T3 행동·정보,
연세대의대면접학원,연세대,수도권,제시문,연세대,T3 행동·정보,
연세대의대면접과외,연세대,수도권,제시문,연세대,T3 행동·정보,
연세대의대면접후기,연세대,수도권,제시문,연세대,T3 행동·정보,
연대의대면접,연세대,수도권,제시문,연세대,T1 핵심,
연대의대제시문면접,연세대,수도권,제시문,연세대,T2 유형,
연대의대제시문,연세대,수도권,제시문,연세대,T2 유형,
연대의예과면접,연세대,수도권,제시문,연세대,T1 핵심,
연대의예과제시문면접,연세대,수도권,제시문,연세대,T2 유형,
연대의예과제시문,연세대,수도권,제시문,연세대,T2 유형,
연대의대면접기출,연세대,수도권,제시문,연세대,T3 행동·정보,
연대의대면접문제,연세대,수도권,제시문,연세대,T3 행동·정보,
연대의대면접일,연세대,수도권,제시문,연세대,T3 행동·정보,
연대의대면접일정,연세대,수도권,제시문,연세대,T3 행동·정보,
연대의대면접준비,연세대,수도권,제시문,연세대,T3 행동·정보,
연대의대면접대비,연세대,수도권,제시문,연세대,T3 행동·정보,
연대의대면접학원,연세대,수도권,제시문,연세대,T3 행동·정보,
연대의대면접과외,연세대,수도권,제시문,연세대,T3 행동·정보,
연대의대면접후기,연세대,수도권,제시문,연세대,T3 행동·정보,
연세의대면접,연세대,수도권,제시문,연세대,T1 핵심,
연세의대제시문면접,연세대,수도권,제시문,연세대,T2 유형,
연세의대제시문,연세대,수도권,제시문,연세대,T2 유형,
연세의예과면접,연세대,수도권,제시문,연세대,T1 핵심,
연세의예과제시문면접,연세대,수도권,제시문,연세대,T2 유형,
연세의예과제시문,연세대,수도권,제시문,연세대,T2 유형,
연세의대면접기출,연세대,수도권,제시문,연세대,T3 행동·정보,
연세의대면접문제,연세대,수도권,제시문,연세대,T3 행동·정보,
연세의대면접일,연세대,수도권,제시문,연세대,T3 행동·정보,
연세의대면접일정,연세대,수도권,제시문,연세대,T3 행동·정보,
연세의대면접준비,연세대,수도권,제시문,연세대,T3 행동·정보,
연세의대면접대비,연세대,수도권,제시문,연세대,T3 행동·정보,
연세의대면접학원,연세대,수도권,제시문,연세대,T3 행동·정보,
연세의대면접과외,연세대,수도권,제시문,연세대,T3 행동·정보,
연세의대면접후기,연세대,수도권,제시문,연세대,T3 행동·정보,
이화여대의대면접,이화여대,수도권,인·적성,이화여대,T1 핵심,
이화여대의대인적성면접,이화여대,수도권,인·적성,이화여대,T2 유형,
이화여대의대생기부면접,이화여대,수도권,인·적성,이화여대,T2 유형,
이화여대의대서류확인면접,이화여대,수도권,인·적성,이화여대,T2 유형,
이화여대의예과면접,이화여대,수도권,인·적성,이화여대,T1 핵심,
이화여대의예과인적성면접,이화여대,수도권,인·적성,이화여대,T2 유형,
이화여대의예과생기부면접,이화여대,수도권,인·적성,이화여대,T2 유형,
이화여대의예과서류확인면접,이화여대,수도권,인·적성,이화여대,T2 유형,
이화여대의대면접기출,이화여대,수도권,인·적성,이화여대,T3 행동·정보,
이화여대의대면접문제,이화여대,수도권,인·적성,이화여대,T3 행동·정보,
이화여대의대면접일,이화여대,수도권,인·적성,이화여대,T3 행동·정보,
이화여대의대면접일정,이화여대,수도권,인·적성,이화여대,T3 행동·정보,
이화여대의대면접준비,이화여대,수도권,인·적성,이화여대,T3 행동·정보,
이화여대의대면접대비,이화여대,수도권,인·적성,이화여대,T3 행동·정보,
이화여대의대면접학원,이화여대,수도권,인·적성,이화여대,T3 행동·정보,
이화여대의대면접과외,이화여대,수도권,인·적성,이화여대,T3 행동·정보,
이화여대의대면접후기,이화여대,수도권,인·적성,이화여대,T3 행동·정보,
이대의대면접,이화여대,수도권,인·적성,이화여대,T1 핵심,
이대의대인적성면접,이화여대,수도권,인·적성,이화여대,T2 유형,
이대의대생기부면접,이화여대,수도권,인·적성,이화여대,T2 유형,
이대의대서류확인면접,이화여대,수도권,인·적성,이화여대,T2 유형,
이대의예과면접,이화여대,수도권,인·적성,이화여대,T1 핵심,
이대의예과인적성면접,이화여대,수도권,인·적성,이화여대,T2 유형,
이대의예과생기부면접,이화여대,수도권,인·적성,이화여대,T2 유형,
이대의예과서류확인면접,이화여대,수도권,인·적성,이화여대,T2 유형,
이대의대면접기출,이화여대,수도권,인·적성,이화여대,T3 행동·정보,
이대의대면접문제,이화여대,수도권,인·적성,이화여대,T3 행동·정보,
이대의대면접일,이화여대,수도권,인·적성,이화여대,T3 행동·정보,
이대의대면접일정,이화여대,수도권,인·적성,이화여대,T3 행동·정보,
이대의대면접준비,이화여대,수도권,인·적성,이화여대,T3 행동·정보,
이대의대면접대비,이화여대,수도권,인·적성,이화여대,T3 행동·정보,
이대의대면접학원,이화여대,수도권,인·적성,이화여대,T3 행동·정보,
이대의대면접과외,이화여대,수도권,인·적성,이화여대,T3 행동·정보,
이대의대면접후기,이화여대,수도권,인·적성,이화여대,T3 행동·정보,
이화의대면접,이화여대,수도권,인·적성,이화여대,T1 핵심,
이화의대인적성면접,이화여대,수도권,인·적성,이화여대,T2 유형,
이화의대생기부면접,이화여대,수도권,인·적성,이화여대,T2 유형,
이화의대서류확인면접,이화여대,수도권,인·적성,이화여대,T2 유형,
이화의예과면접,이화여대,수도권,인·적성,이화여대,T1 핵심,
이화의예과인적성면접,이화여대,수도권,인·적성,이화여대,T2 유형,
이화의예과생기부면접,이화여대,수도권,인·적성,이화여대,T2 유형,
이화의예과서류확인면접,이화여대,수도권,인·적성,이화여대,T2 유형,
이화의대면접기출,이화여대,수도권,인·적성,이화여대,T3 행동·정보,
이화의대면접문제,이화여대,수도권,인·적성,이화여대,T3 행동·정보,
이화의대면접일,이화여대,수도권,인·적성,이화여대,T3 행동·정보,
이화의대면접일정,이화여대,수도권,인·적성,이화여대,T3 행동·정보,
이화의대면접준비,이화여대,수도권,인·적성,이화여대,T3 행동·정보,
이화의대면접대비,이화여대,수도권,인·적성,이화여대,T3 행동·정보,
이화의대면접학원,이화여대,수도권,인·적성,이화여대,T3 행동·정보,
이화의대면접과외,이화여대,수도권,인·적성,이화여대,T3 행동·정보,
이화의대면접후기,이화여대,수도권,인·적성,이화여대,T3 행동·정보,
인하대의대면접,인하대,수도권,MMI,인하대,T1 핵심,
인하대의대mmi,인하대,수도권,MMI,인하대,T2 유형,
인하대의대mmi면접,인하대,수도권,MMI,인하대,T2 유형,
인하대의대다중미니면접,인하대,수도권,MMI,인하대,T2 유형,
인하대의예과면접,인하대,수도권,MMI,인하대,T1 핵심,
인하대의예과mmi,인하대,수도권,MMI,인하대,T2 유형,
인하대의예과mmi면접,인하대,수도권,MMI,인하대,T2 유형,
인하대의예과다중미니면접,인하대,수도권,MMI,인하대,T2 유형,
인하대의대면접기출,인하대,수도권,MMI,인하대,T3 행동·정보,
인하대의대면접문제,인하대,수도권,MMI,인하대,T3 행동·정보,
인하대의대면접일,인하대,수도권,MMI,인하대,T3 행동·정보,
인하대의대면접일정,인하대,수도권,MMI,인하대,T3 행동·정보,
인하대의대면접준비,인하대,수도권,MMI,인하대,T3 행동·정보,
인하대의대면접대비,인하대,수도권,MMI,인하대,T3 행동·정보,
인하대의대면접학원,인하대,수도권,MMI,인하대,T3 행동·정보,
인하대의대면접과외,인하대,수도권,MMI,인하대,T3 행동·정보,
인하대의대면접후기,인하대,수도권,MMI,인하대,T3 행동·정보,
인하의대면접,인하대,수도권,MMI,인하대,T1 핵심,
인하의대mmi,인하대,수도권,MMI,인하대,T2 유형,
인하의대mmi면접,인하대,수도권,MMI,인하대,T2 유형,
인하의대다중미니면접,인하대,수도권,MMI,인하대,T2 유형,
인하의예과면접,인하대,수도권,MMI,인하대,T1 핵심,
인하의예과mmi,인하대,수도권,MMI,인하대,T2 유형,
인하의예과mmi면접,인하대,수도권,MMI,인하대,T2 유형,
인하의예과다중미니면접,인하대,수도권,MMI,인하대,T2 유형,
인하의대면접기출,인하대,수도권,MMI,인하대,T3 행동·정보,
인하의대면접문제,인하대,수도권,MMI,인하대,T3 행동·정보,
인하의대면접일,인하대,수도권,MMI,인하대,T3 행동·정보,
인하의대면접일정,인하대,수도권,MMI,인하대,T3 행동·정보,
인하의대면접준비,인하대,수도권,MMI,인하대,T3 행동·정보,
인하의대면접대비,인하대,수도권,MMI,인하대,T3 행동·정보,
인하의대면접학원,인하대,수도권,MMI,인하대,T3 행동·정보,
인하의대면접과외,인하대,수도권,MMI,인하대,T3 행동·정보,
인하의대면접후기,인하대,수도권,MMI,인하대,T3 행동·정보,
중앙대의대면접,중앙대,수도권,인·적성,중앙대,T1 핵심,
중앙대의대인적성면접,중앙대,수도권,인·적성,중앙대,T2 유형,
중앙대의대생기부면접,중앙대,수도권,인·적성,중앙대,T2 유형,
중앙대의대서류확인면접,중앙대,수도권,인·적성,중앙대,T2 유형,
중앙대의예과면접,중앙대,수도권,인·적성,중앙대,T1 핵심,
중앙대의예과인적성면접,중앙대,수도권,인·적성,중앙대,T2 유형,
중앙대의예과생기부면접,중앙대,수도권,인·적성,중앙대,T2 유형,
중앙대의예과서류확인면접,중앙대,수도권,인·적성,중앙대,T2 유형,
중앙대의대면접기출,중앙대,수도권,인·적성,중앙대,T3 행동·정보,
중앙대의대면접문제,중앙대,수도권,인·적성,중앙대,T3 행동·정보,
중앙대의대면접일,중앙대,수도권,인·적성,중앙대,T3 행동·정보,
중앙대의대면접일정,중앙대,수도권,인·적성,중앙대,T3 행동·정보,
중앙대의대면접준비,중앙대,수도권,인·적성,중앙대,T3 행동·정보,
중앙대의대면접대비,중앙대,수도권,인·적성,중앙대,T3 행동·정보,
중앙대의대면접학원,중앙대,수도권,인·적성,중앙대,T3 행동·정보,
중앙대의대면접과외,중앙대,수도권,인·적성,중앙대,T3 행동·정보,
중앙대의대면접후기,중앙대,수도권,인·적성,중앙대,T3 행동·정보,
중대의대면접,중앙대,수도권,인·적성,중앙대,T1 핵심,일반명사 '중대'와 충돌
중대의대인적성면접,중앙대,수도권,인·적성,중앙대,T2 유형,일반명사 '중대'와 충돌
중대의대생기부면접,중앙대,수도권,인·적성,중앙대,T2 유형,일반명사 '중대'와 충돌
중대의대서류확인면접,중앙대,수도권,인·적성,중앙대,T2 유형,일반명사 '중대'와 충돌
중대의예과면접,중앙대,수도권,인·적성,중앙대,T1 핵심,일반명사 '중대'와 충돌
중대의예과인적성면접,중앙대,수도권,인·적성,중앙대,T2 유형,일반명사 '중대'와 충돌
중대의예과생기부면접,중앙대,수도권,인·적성,중앙대,T2 유형,일반명사 '중대'와 충돌
중대의예과서류확인면접,중앙대,수도권,인·적성,중앙대,T2 유형,일반명사 '중대'와 충돌
중대의대면접기출,중앙대,수도권,인·적성,중앙대,T3 행동·정보,일반명사 '중대'와 충돌
중대의대면접문제,중앙대,수도권,인·적성,중앙대,T3 행동·정보,일반명사 '중대'와 충돌
중대의대면접일,중앙대,수도권,인·적성,중앙대,T3 행동·정보,일반명사 '중대'와 충돌
중대의대면접일정,중앙대,수도권,인·적성,중앙대,T3 행동·정보,일반명사 '중대'와 충돌
중대의대면접준비,중앙대,수도권,인·적성,중앙대,T3 행동·정보,일반명사 '중대'와 충돌
중대의대면접대비,중앙대,수도권,인·적성,중앙대,T3 행동·정보,일반명사 '중대'와 충돌
중대의대면접학원,중앙대,수도권,인·적성,중앙대,T3 행동·정보,일반명사 '중대'와 충돌
중대의대면접과외,중앙대,수도권,인·적성,중앙대,T3 행동·정보,일반명사 '중대'와 충돌
중대의대면접후기,중앙대,수도권,인·적성,중앙대,T3 행동·정보,일반명사 '중대'와 충돌
중앙의대면접,중앙대,수도권,인·적성,중앙대,T1 핵심,
중앙의대인적성면접,중앙대,수도권,인·적성,중앙대,T2 유형,
중앙의대생기부면접,중앙대,수도권,인·적성,중앙대,T2 유형,
중앙의대서류확인면접,중앙대,수도권,인·적성,중앙대,T2 유형,
중앙의예과면접,중앙대,수도권,인·적성,중앙대,T1 핵심,
중앙의예과인적성면접,중앙대,수도권,인·적성,중앙대,T2 유형,
중앙의예과생기부면접,중앙대,수도권,인·적성,중앙대,T2 유형,
중앙의예과서류확인면접,중앙대,수도권,인·적성,중앙대,T2 유형,
중앙의대면접기출,중앙대,수도권,인·적성,중앙대,T3 행동·정보,
중앙의대면접문제,중앙대,수도권,인·적성,중앙대,T3 행동·정보,
중앙의대면접일,중앙대,수도권,인·적성,중앙대,T3 행동·정보,
중앙의대면접일정,중앙대,수도권,인·적성,중앙대,T3 행동·정보,
중앙의대면접준비,중앙대,수도권,인·적성,중앙대,T3 행동·정보,
중앙의대면접대비,중앙대,수도권,인·적성,중앙대,T3 행동·정보,
중앙의대면접학원,중앙대,수도권,인·적성,중앙대,T3 행동·정보,
중앙의대면접과외,중앙대,수도권,인·적성,중앙대,T3 행동·정보,
중앙의대면접후기,중앙대,수도권,인·적성,중앙대,T3 행동·정보,
한양대의대면접,한양대,수도권,인·적성,한양대,T1 핵심,
한양대의대인적성면접,한양대,수도권,인·적성,한양대,T2 유형,
한양대의대생기부면접,한양대,수도권,인·적성,한양대,T2 유형,
한양대의대서류확인면접,한양대,수도권,인·적성,한양대,T2 유형,
한양대의예과면접,한양대,수도권,인·적성,한양대,T1 핵심,
한양대의예과인적성면접,한양대,수도권,인·적성,한양대,T2 유형,
한양대의예과생기부면접,한양대,수도권,인·적성,한양대,T2 유형,
한양대의예과서류확인면접,한양대,수도권,인·적성,한양대,T2 유형,
한양대의대면접기출,한양대,수도권,인·적성,한양대,T3 행동·정보,
한양대의대면접문제,한양대,수도권,인·적성,한양대,T3 행동·정보,
한양대의대면접일,한양대,수도권,인·적성,한양대,T3 행동·정보,
한양대의대면접일정,한양대,수도권,인·적성,한양대,T3 행동·정보,
한양대의대면접준비,한양대,수도권,인·적성,한양대,T3 행동·정보,
한양대의대면접대비,한양대,수도권,인·적성,한양대,T3 행동·정보,
한양대의대면접학원,한양대,수도권,인·적성,한양대,T3 행동·정보,
한양대의대면접과외,한양대,수도권,인·적성,한양대,T3 행동·정보,
한양대의대면접후기,한양대,수도권,인·적성,한양대,T3 행동·정보,
한양의대면접,한양대,수도권,인·적성,한양대,T1 핵심,
한양의대인적성면접,한양대,수도권,인·적성,한양대,T2 유형,
한양의대생기부면접,한양대,수도권,인·적성,한양대,T2 유형,
한양의대서류확인면접,한양대,수도권,인·적성,한양대,T2 유형,
한양의예과면접,한양대,수도권,인·적성,한양대,T1 핵심,
한양의예과인적성면접,한양대,수도권,인·적성,한양대,T2 유형,
한양의예과생기부면접,한양대,수도권,인·적성,한양대,T2 유형,
한양의예과서류확인면접,한양대,수도권,인·적성,한양대,T2 유형,
한양의대면접기출,한양대,수도권,인·적성,한양대,T3 행동·정보,
한양의대면접문제,한양대,수도권,인·적성,한양대,T3 행동·정보,
한양의대면접일,한양대,수도권,인·적성,한양대,T3 행동·정보,
한양의대면접일정,한양대,수도권,인·적성,한양대,T3 행동·정보,
한양의대면접준비,한양대,수도권,인·적성,한양대,T3 행동·정보,
한양의대면접대비,한양대,수도권,인·적성,한양대,T3 행동·정보,
한양의대면접학원,한양대,수도권,인·적성,한양대,T3 행동·정보,
한양의대면접과외,한양대,수도권,인·적성,한양대,T3 행동·정보,
한양의대면접후기,한양대,수도권,인·적성,한양대,T3 행동·정보,
강원대의대면접,강원대,강원,인·적성,강원대,T1 핵심,
강원대의대인적성면접,강원대,강원,인·적성,강원대,T2 유형,
강원대의대생기부면접,강원대,강원,인·적성,강원대,T2 유형,
강원대의대서류확인면접,강원대,강원,인·적성,강원대,T2 유형,
강원대의예과면접,강원대,강원,인·적성,강원대,T1 핵심,
강원대의예과인적성면접,강원대,강원,인·적성,강원대,T2 유형,
강원대의예과생기부면접,강원대,강원,인·적성,강원대,T2 유형,
강원대의예과서류확인면접,강원대,강원,인·적성,강원대,T2 유형,
강원대의대면접기출,강원대,강원,인·적성,강원대,T3 행동·정보,
강원대의대면접문제,강원대,강원,인·적성,강원대,T3 행동·정보,
강원대의대면접일,강원대,강원,인·적성,강원대,T3 행동·정보,
강원대의대면접일정,강원대,강원,인·적성,강원대,T3 행동·정보,
강원대의대면접준비,강원대,강원,인·적성,강원대,T3 행동·정보,
강원대의대면접대비,강원대,강원,인·적성,강원대,T3 행동·정보,
강원대의대면접학원,강원대,강원,인·적성,강원대,T3 행동·정보,
강원대의대면접과외,강원대,강원,인·적성,강원대,T3 행동·정보,
강원대의대면접후기,강원대,강원,인·적성,강원대,T3 행동·정보,
강원의대면접,강원대,강원,인·적성,강원대,T1 핵심,
강원의대인적성면접,강원대,강원,인·적성,강원대,T2 유형,
강원의대생기부면접,강원대,강원,인·적성,강원대,T2 유형,
강원의대서류확인면접,강원대,강원,인·적성,강원대,T2 유형,
강원의예과면접,강원대,강원,인·적성,강원대,T1 핵심,
강원의예과인적성면접,강원대,강원,인·적성,강원대,T2 유형,
강원의예과생기부면접,강원대,강원,인·적성,강원대,T2 유형,
강원의예과서류확인면접,강원대,강원,인·적성,강원대,T2 유형,
강원의대면접기출,강원대,강원,인·적성,강원대,T3 행동·정보,
강원의대면접문제,강원대,강원,인·적성,강원대,T3 행동·정보,
강원의대면접일,강원대,강원,인·적성,강원대,T3 행동·정보,
강원의대면접일정,강원대,강원,인·적성,강원대,T3 행동·정보,
강원의대면접준비,강원대,강원,인·적성,강원대,T3 행동·정보,
강원의대면접대비,강원대,강원,인·적성,강원대,T3 행동·정보,
강원의대면접학원,강원대,강원,인·적성,강원대,T3 행동·정보,
강원의대면접과외,강원대,강원,인·적성,강원대,T3 행동·정보,
강원의대면접후기,강원대,강원,인·적성,강원대,T3 행동·정보,
연세대미래의대면접,연세대 미래,강원,제시문,연세대 미래,T1 핵심,
연세대미래의대제시문면접,연세대 미래,강원,제시문,연세대 미래,T2 유형,
연세대미래의대제시문,연세대 미래,강원,제시문,연세대 미래,T2 유형,
연세대미래의예과면접,연세대 미래,강원,제시문,연세대 미래,T1 핵심,
연세대미래의예과제시문면접,연세대 미래,강원,제시문,연세대 미래,T2 유형,
연세대미래의예과제시문,연세대 미래,강원,제시문,연세대 미래,T2 유형,
연세대미래의대면접기출,연세대 미래,강원,제시문,연세대 미래,T3 행동·정보,
연세대미래의대면접문제,연세대 미래,강원,제시문,연세대 미래,T3 행동·정보,
연세대미래의대면접일,연세대 미래,강원,제시문,연세대 미래,T3 행동·정보,
연세대미래의대면접일정,연세대 미래,강원,제시문,연세대 미래,T3 행동·정보,
연세대미래의대면접준비,연세대 미래,강원,제시문,연세대 미래,T3 행동·정보,
연세대미래의대면접대비,연세대 미래,강원,제시문,연세대 미래,T3 행동·정보,
연세대미래의대면접학원,연세대 미래,강원,제시문,연세대 미래,T3 행동·정보,
연세대미래의대면접과외,연세대 미래,강원,제시문,연세대 미래,T3 행동·정보,
연세대미래의대면접후기,연세대 미래,강원,제시문,연세대 미래,T3 행동·정보,
연세미래의대면접,연세대 미래,강원,제시문,연세대 미래,T1 핵심,
연세미래의대제시문면접,연세대 미래,강원,제시문,연세대 미래,T2 유형,
연세미래의대제시문,연세대 미래,강원,제시문,연세대 미래,T2 유형,
연세미래의예과면접,연세대 미래,강원,제시문,연세대 미래,T1 핵심,
연세미래의예과제시문면접,연세대 미래,강원,제시문,연세대 미래,T2 유형,
연세미래의예과제시문,연세대 미래,강원,제시문,연세대 미래,T2 유형,
연세미래의대면접기출,연세대 미래,강원,제시문,연세대 미래,T3 행동·정보,
연세미래의대면접문제,연세대 미래,강원,제시문,연세대 미래,T3 행동·정보,
연세미래의대면접일,연세대 미래,강원,제시문,연세대 미래,T3 행동·정보,
연세미래의대면접일정,연세대 미래,강원,제시문,연세대 미래,T3 행동·정보,
연세미래의대면접준비,연세대 미래,강원,제시문,연세대 미래,T3 행동·정보,
연세미래의대면접대비,연세대 미래,강원,제시문,연세대 미래,T3 행동·정보,
연세미래의대면접학원,연세대 미래,강원,제시문,연세대 미래,T3 행동·정보,
연세미래의대면접과외,연세대 미래,강원,제시문,연세대 미래,T3 행동·정보,
연세미래의대면접후기,연세대 미래,강원,제시문,연세대 미래,T3 행동·정보,
연세원주의대면접,연세대 미래,강원,제시문,연세대 미래,T1 핵심,
연세원주의대제시문면접,연세대 미래,강원,제시문,연세대 미래,T2 유형,
연세원주의대제시문,연세대 미래,강원,제시문,연세대 미래,T2 유형,
연세원주의예과면접,연세대 미래,강원,제시문,연세대 미래,T1 핵심,
연세원주의예과제시문면접,연세대 미래,강원,제시문,연세대 미래,T2 유형,
연세원주의예과제시문,연세대 미래,강원,제시문,연세대 미래,T2 유형,
연세원주의대면접기출,연세대 미래,강원,제시문,연세대 미래,T3 행동·정보,
연세원주의대면접문제,연세대 미래,강원,제시문,연세대 미래,T3 행동·정보,
연세원주의대면접일,연세대 미래,강원,제시문,연세대 미래,T3 행동·정보,
연세원주의대면접일정,연세대 미래,강원,제시문,연세대 미래,T3 행동·정보,
연세원주의대면접준비,연세대 미래,강원,제시문,연세대 미래,T3 행동·정보,
연세원주의대면접대비,연세대 미래,강원,제시문,연세대 미래,T3 행동·정보,
연세원주의대면접학원,연세대 미래,강원,제시문,연세대 미래,T3 행동·정보,
연세원주의대면접과외,연세대 미래,강원,제시문,연세대 미래,T3 행동·정보,
연세원주의대면접후기,연세대 미래,강원,제시문,연세대 미래,T3 행동·정보,
연대원주의대면접,연세대 미래,강원,제시문,연세대 미래,T1 핵심,
연대원주의대제시문면접,연세대 미래,강원,제시문,연세대 미래,T2 유형,
연대원주의대제시문,연세대 미래,강원,제시문,연세대 미래,T2 유형,
연대원주의예과면접,연세대 미래,강원,제시문,연세대 미래,T1 핵심,
연대원주의예과제시문면접,연세대 미래,강원,제시문,연세대 미래,T2 유형,
연대원주의예과제시문,연세대 미래,강원,제시문,연세대 미래,T2 유형,
연대원주의대면접기출,연세대 미래,강원,제시문,연세대 미래,T3 행동·정보,
연대원주의대면접문제,연세대 미래,강원,제시문,연세대 미래,T3 행동·정보,
연대원주의대면접일,연세대 미래,강원,제시문,연세대 미래,T3 행동·정보,
연대원주의대면접일정,연세대 미래,강원,제시문,연세대 미래,T3 행동·정보,
연대원주의대면접준비,연세대 미래,강원,제시문,연세대 미래,T3 행동·정보,
연대원주의대면접대비,연세대 미래,강원,제시문,연세대 미래,T3 행동·정보,
연대원주의대면접학원,연세대 미래,강원,제시문,연세대 미래,T3 행동·정보,
연대원주의대면접과외,연세대 미래,강원,제시문,연세대 미래,T3 행동·정보,
연대원주의대면접후기,연세대 미래,강원,제시문,연세대 미래,T3 행동·정보,
원주연세의대면접,연세대 미래,강원,제시문,연세대 미래,T1 핵심,
원주연세의대제시문면접,연세대 미래,강원,제시문,연세대 미래,T2 유형,
원주연세의대제시문,연세대 미래,강원,제시문,연세대 미래,T2 유형,
원주연세의예과면접,연세대 미래,강원,제시문,연세대 미래,T1 핵심,
원주연세의예과제시문면접,연세대 미래,강원,제시문,연세대 미래,T2 유형,
원주연세의예과제시문,연세대 미래,강원,제시문,연세대 미래,T2 유형,
원주연세의대면접기출,연세대 미래,강원,제시문,연세대 미래,T3 행동·정보,
원주연세의대면접문제,연세대 미래,강원,제시문,연세대 미래,T3 행동·정보,
원주연세의대면접일,연세대 미래,강원,제시문,연세대 미래,T3 행동·정보,
원주연세의대면접일정,연세대 미래,강원,제시문,연세대 미래,T3 행동·정보,
원주연세의대면접준비,연세대 미래,강원,제시문,연세대 미래,T3 행동·정보,
원주연세의대면접대비,연세대 미래,강원,제시문,연세대 미래,T3 행동·정보,
원주연세의대면접학원,연세대 미래,강원,제시문,연세대 미래,T3 행동·정보,
원주연세의대면접과외,연세대 미래,강원,제시문,연세대 미래,T3 행동·정보,
원주연세의대면접후기,연세대 미래,강원,제시문,연세대 미래,T3 행동·정보,
한림대의대면접,한림대,강원,MMI,한림대,T1 핵심,
한림대의대mmi,한림대,강원,MMI,한림대,T2 유형,
한림대의대mmi면접,한림대,강원,MMI,한림대,T2 유형,
한림대의대다중미니면접,한림대,강원,MMI,한림대,T2 유형,
한림대의예과면접,한림대,강원,MMI,한림대,T1 핵심,
한림대의예과mmi,한림대,강원,MMI,한림대,T2 유형,
한림대의예과mmi면접,한림대,강원,MMI,한림대,T2 유형,
한림대의예과다중미니면접,한림대,강원,MMI,한림대,T2 유형,
한림대의대면접기출,한림대,강원,MMI,한림대,T3 행동·정보,
한림대의대면접문제,한림대,강원,MMI,한림대,T3 행동·정보,
한림대의대면접일,한림대,강원,MMI,한림대,T3 행동·정보,
한림대의대면접일정,한림대,강원,MMI,한림대,T3 행동·정보,
한림대의대면접준비,한림대,강원,MMI,한림대,T3 행동·정보,
한림대의대면접대비,한림대,강원,MMI,한림대,T3 행동·정보,
한림대의대면접학원,한림대,강원,MMI,한림대,T3 행동·정보,
한림대의대면접과외,한림대,강원,MMI,한림대,T3 행동·정보,
한림대의대면접후기,한림대,강원,MMI,한림대,T3 행동·정보,
한림의대면접,한림대,강원,MMI,한림대,T1 핵심,
한림의대mmi,한림대,강원,MMI,한림대,T2 유형,
한림의대mmi면접,한림대,강원,MMI,한림대,T2 유형,
한림의대다중미니면접,한림대,강원,MMI,한림대,T2 유형,
한림의예과면접,한림대,강원,MMI,한림대,T1 핵심,
한림의예과mmi,한림대,강원,MMI,한림대,T2 유형,
한림의예과mmi면접,한림대,강원,MMI,한림대,T2 유형,
한림의예과다중미니면접,한림대,강원,MMI,한림대,T2 유형,
한림의대면접기출,한림대,강원,MMI,한림대,T3 행동·정보,
한림의대면접문제,한림대,강원,MMI,한림대,T3 행동·정보,
한림의대면접일,한림대,강원,MMI,한림대,T3 행동·정보,
한림의대면접일정,한림대,강원,MMI,한림대,T3 행동·정보,
한림의대면접준비,한림대,강원,MMI,한림대,T3 행동·정보,
한림의대면접대비,한림대,강원,MMI,한림대,T3 행동·정보,
한림의대면접학원,한림대,강원,MMI,한림대,T3 행동·정보,
한림의대면접과외,한림대,강원,MMI,한림대,T3 행동·정보,
한림의대면접후기,한림대,강원,MMI,한림대,T3 행동·정보,
건국대글로컬의대면접,건국대 글로컬,충청,제시문,건국대 글로컬,T1 핵심,
건국대글로컬의대제시문면접,건국대 글로컬,충청,제시문,건국대 글로컬,T2 유형,
건국대글로컬의대제시문,건국대 글로컬,충청,제시문,건국대 글로컬,T2 유형,
건국대글로컬의예과면접,건국대 글로컬,충청,제시문,건국대 글로컬,T1 핵심,
건국대글로컬의예과제시문면접,건국대 글로컬,충청,제시문,건국대 글로컬,T2 유형,
건국대글로컬의예과제시문,건국대 글로컬,충청,제시문,건국대 글로컬,T2 유형,
건국대글로컬의대면접기출,건국대 글로컬,충청,제시문,건국대 글로컬,T3 행동·정보,
건국대글로컬의대면접문제,건국대 글로컬,충청,제시문,건국대 글로컬,T3 행동·정보,
건국대글로컬의대면접일,건국대 글로컬,충청,제시문,건국대 글로컬,T3 행동·정보,
건국대글로컬의대면접일정,건국대 글로컬,충청,제시문,건국대 글로컬,T3 행동·정보,
건국대글로컬의대면접준비,건국대 글로컬,충청,제시문,건국대 글로컬,T3 행동·정보,
건국대글로컬의대면접대비,건국대 글로컬,충청,제시문,건국대 글로컬,T3 행동·정보,
건국대글로컬의대면접학원,건국대 글로컬,충청,제시문,건국대 글로컬,T3 행동·정보,
건국대글로컬의대면접과외,건국대 글로컬,충청,제시문,건국대 글로컬,T3 행동·정보,
건국대글로컬의대면접후기,건국대 글로컬,충청,제시문,건국대 글로컬,T3 행동·정보,
건국글로컬의대면접,건국대 글로컬,충청,제시문,건국대 글로컬,T1 핵심,
건국글로컬의대제시문면접,건국대 글로컬,충청,제시문,건국대 글로컬,T2 유형,
건국글로컬의대제시문,건국대 글로컬,충청,제시문,건국대 글로컬,T2 유형,
건국글로컬의예과면접,건국대 글로컬,충청,제시문,건국대 글로컬,T1 핵심,
건국글로컬의예과제시문면접,건국대 글로컬,충청,제시문,건국대 글로컬,T2 유형,
건국글로컬의예과제시문,건국대 글로컬,충청,제시문,건국대 글로컬,T2 유형,
건국글로컬의대면접기출,건국대 글로컬,충청,제시문,건국대 글로컬,T3 행동·정보,
건국글로컬의대면접문제,건국대 글로컬,충청,제시문,건국대 글로컬,T3 행동·정보,
건국글로컬의대면접일,건국대 글로컬,충청,제시문,건국대 글로컬,T3 행동·정보,
건국글로컬의대면접일정,건국대 글로컬,충청,제시문,건국대 글로컬,T3 행동·정보,
건국글로컬의대면접준비,건국대 글로컬,충청,제시문,건국대 글로컬,T3 행동·정보,
건국글로컬의대면접대비,건국대 글로컬,충청,제시문,건국대 글로컬,T3 행동·정보,
건국글로컬의대면접학원,건국대 글로컬,충청,제시문,건국대 글로컬,T3 행동·정보,
건국글로컬의대면접과외,건국대 글로컬,충청,제시문,건국대 글로컬,T3 행동·정보,
건국글로컬의대면접후기,건국대 글로컬,충청,제시문,건국대 글로컬,T3 행동·정보,
건대글로컬의대면접,건국대 글로컬,충청,제시문,건국대 글로컬,T1 핵심,
건대글로컬의대제시문면접,건국대 글로컬,충청,제시문,건국대 글로컬,T2 유형,
건대글로컬의대제시문,건국대 글로컬,충청,제시문,건국대 글로컬,T2 유형,
건대글로컬의예과면접,건국대 글로컬,충청,제시문,건국대 글로컬,T1 핵심,
건대글로컬의예과제시문면접,건국대 글로컬,충청,제시문,건국대 글로컬,T2 유형,
건대글로컬의예과제시문,건국대 글로컬,충청,제시문,건국대 글로컬,T2 유형,
건대글로컬의대면접기출,건국대 글로컬,충청,제시문,건국대 글로컬,T3 행동·정보,
건대글로컬의대면접문제,건국대 글로컬,충청,제시문,건국대 글로컬,T3 행동·정보,
건대글로컬의대면접일,건국대 글로컬,충청,제시문,건국대 글로컬,T3 행동·정보,
건대글로컬의대면접일정,건국대 글로컬,충청,제시문,건국대 글로컬,T3 행동·정보,
건대글로컬의대면접준비,건국대 글로컬,충청,제시문,건국대 글로컬,T3 행동·정보,
건대글로컬의대면접대비,건국대 글로컬,충청,제시문,건국대 글로컬,T3 행동·정보,
건대글로컬의대면접학원,건국대 글로컬,충청,제시문,건국대 글로컬,T3 행동·정보,
건대글로컬의대면접과외,건국대 글로컬,충청,제시문,건국대 글로컬,T3 행동·정보,
건대글로컬의대면접후기,건국대 글로컬,충청,제시문,건국대 글로컬,T3 행동·정보,
건국대충주의대면접,건국대 글로컬,충청,제시문,건국대 글로컬,T1 핵심,
건국대충주의대제시문면접,건국대 글로컬,충청,제시문,건국대 글로컬,T2 유형,
건국대충주의대제시문,건국대 글로컬,충청,제시문,건국대 글로컬,T2 유형,
건국대충주의예과면접,건국대 글로컬,충청,제시문,건국대 글로컬,T1 핵심,
건국대충주의예과제시문면접,건국대 글로컬,충청,제시문,건국대 글로컬,T2 유형,
건국대충주의예과제시문,건국대 글로컬,충청,제시문,건국대 글로컬,T2 유형,
건국대충주의대면접기출,건국대 글로컬,충청,제시문,건국대 글로컬,T3 행동·정보,
건국대충주의대면접문제,건국대 글로컬,충청,제시문,건국대 글로컬,T3 행동·정보,
건국대충주의대면접일,건국대 글로컬,충청,제시문,건국대 글로컬,T3 행동·정보,
건국대충주의대면접일정,건국대 글로컬,충청,제시문,건국대 글로컬,T3 행동·정보,
건국대충주의대면접준비,건국대 글로컬,충청,제시문,건국대 글로컬,T3 행동·정보,
건국대충주의대면접대비,건국대 글로컬,충청,제시문,건국대 글로컬,T3 행동·정보,
건국대충주의대면접학원,건국대 글로컬,충청,제시문,건국대 글로컬,T3 행동·정보,
건국대충주의대면접과외,건국대 글로컬,충청,제시문,건국대 글로컬,T3 행동·정보,
건국대충주의대면접후기,건국대 글로컬,충청,제시문,건국대 글로컬,T3 행동·정보,
건양대의대면접,건양대,충청,MMI,건양대,T1 핵심,
건양대의대mmi,건양대,충청,MMI,건양대,T2 유형,
건양대의대mmi면접,건양대,충청,MMI,건양대,T2 유형,
건양대의대다중미니면접,건양대,충청,MMI,건양대,T2 유형,
건양대의예과면접,건양대,충청,MMI,건양대,T1 핵심,
건양대의예과mmi,건양대,충청,MMI,건양대,T2 유형,
건양대의예과mmi면접,건양대,충청,MMI,건양대,T2 유형,
건양대의예과다중미니면접,건양대,충청,MMI,건양대,T2 유형,
건양대의대면접기출,건양대,충청,MMI,건양대,T3 행동·정보,
건양대의대면접문제,건양대,충청,MMI,건양대,T3 행동·정보,
건양대의대면접일,건양대,충청,MMI,건양대,T3 행동·정보,
건양대의대면접일정,건양대,충청,MMI,건양대,T3 행동·정보,
건양대의대면접준비,건양대,충청,MMI,건양대,T3 행동·정보,
건양대의대면접대비,건양대,충청,MMI,건양대,T3 행동·정보,
건양대의대면접학원,건양대,충청,MMI,건양대,T3 행동·정보,
건양대의대면접과외,건양대,충청,MMI,건양대,T3 행동·정보,
건양대의대면접후기,건양대,충청,MMI,건양대,T3 행동·정보,
건양의대면접,건양대,충청,MMI,건양대,T1 핵심,
건양의대mmi,건양대,충청,MMI,건양대,T2 유형,
건양의대mmi면접,건양대,충청,MMI,건양대,T2 유형,
건양의대다중미니면접,건양대,충청,MMI,건양대,T2 유형,
건양의예과면접,건양대,충청,MMI,건양대,T1 핵심,
건양의예과mmi,건양대,충청,MMI,건양대,T2 유형,
건양의예과mmi면접,건양대,충청,MMI,건양대,T2 유형,
건양의예과다중미니면접,건양대,충청,MMI,건양대,T2 유형,
건양의대면접기출,건양대,충청,MMI,건양대,T3 행동·정보,
건양의대면접문제,건양대,충청,MMI,건양대,T3 행동·정보,
건양의대면접일,건양대,충청,MMI,건양대,T3 행동·정보,
건양의대면접일정,건양대,충청,MMI,건양대,T3 행동·정보,
건양의대면접준비,건양대,충청,MMI,건양대,T3 행동·정보,
건양의대면접대비,건양대,충청,MMI,건양대,T3 행동·정보,
건양의대면접학원,건양대,충청,MMI,건양대,T3 행동·정보,
건양의대면접과외,건양대,충청,MMI,건양대,T3 행동·정보,
건양의대면접후기,건양대,충청,MMI,건양대,T3 행동·정보,
단국대의대면접,단국대,충청,인·적성,단국대,T1 핵심,
단국대의대인적성면접,단국대,충청,인·적성,단국대,T2 유형,
단국대의대생기부면접,단국대,충청,인·적성,단국대,T2 유형,
단국대의대서류확인면접,단국대,충청,인·적성,단국대,T2 유형,
단국대의예과면접,단국대,충청,인·적성,단국대,T1 핵심,
단국대의예과인적성면접,단국대,충청,인·적성,단국대,T2 유형,
단국대의예과생기부면접,단국대,충청,인·적성,단국대,T2 유형,
단국대의예과서류확인면접,단국대,충청,인·적성,단국대,T2 유형,
단국대의대면접기출,단국대,충청,인·적성,단국대,T3 행동·정보,
단국대의대면접문제,단국대,충청,인·적성,단국대,T3 행동·정보,
단국대의대면접일,단국대,충청,인·적성,단국대,T3 행동·정보,
단국대의대면접일정,단국대,충청,인·적성,단국대,T3 행동·정보,
단국대의대면접준비,단국대,충청,인·적성,단국대,T3 행동·정보,
단국대의대면접대비,단국대,충청,인·적성,단국대,T3 행동·정보,
단국대의대면접학원,단국대,충청,인·적성,단국대,T3 행동·정보,
단국대의대면접과외,단국대,충청,인·적성,단국대,T3 행동·정보,
단국대의대면접후기,단국대,충청,인·적성,단국대,T3 행동·정보,
단대의대면접,단국대,충청,인·적성,단국대,T1 핵심,단국대 약칭 — 검색량 낮을 수 있음
단대의대인적성면접,단국대,충청,인·적성,단국대,T2 유형,단국대 약칭 — 검색량 낮을 수 있음
단대의대생기부면접,단국대,충청,인·적성,단국대,T2 유형,단국대 약칭 — 검색량 낮을 수 있음
단대의대서류확인면접,단국대,충청,인·적성,단국대,T2 유형,단국대 약칭 — 검색량 낮을 수 있음
단대의예과면접,단국대,충청,인·적성,단국대,T1 핵심,단국대 약칭 — 검색량 낮을 수 있음
단대의예과인적성면접,단국대,충청,인·적성,단국대,T2 유형,단국대 약칭 — 검색량 낮을 수 있음
단대의예과생기부면접,단국대,충청,인·적성,단국대,T2 유형,단국대 약칭 — 검색량 낮을 수 있음
단대의예과서류확인면접,단국대,충청,인·적성,단국대,T2 유형,단국대 약칭 — 검색량 낮을 수 있음
단대의대면접기출,단국대,충청,인·적성,단국대,T3 행동·정보,단국대 약칭 — 검색량 낮을 수 있음
단대의대면접문제,단국대,충청,인·적성,단국대,T3 행동·정보,단국대 약칭 — 검색량 낮을 수 있음
단대의대면접일,단국대,충청,인·적성,단국대,T3 행동·정보,단국대 약칭 — 검색량 낮을 수 있음
단대의대면접일정,단국대,충청,인·적성,단국대,T3 행동·정보,단국대 약칭 — 검색량 낮을 수 있음
단대의대면접준비,단국대,충청,인·적성,단국대,T3 행동·정보,단국대 약칭 — 검색량 낮을 수 있음
단대의대면접대비,단국대,충청,인·적성,단국대,T3 행동·정보,단국대 약칭 — 검색량 낮을 수 있음
단대의대면접학원,단국대,충청,인·적성,단국대,T3 행동·정보,단국대 약칭 — 검색량 낮을 수 있음
단대의대면접과외,단국대,충청,인·적성,단국대,T3 행동·정보,단국대 약칭 — 검색량 낮을 수 있음
단대의대면접후기,단국대,충청,인·적성,단국대,T3 행동·정보,단국대 약칭 — 검색량 낮을 수 있음
단국의대면접,단국대,충청,인·적성,단국대,T1 핵심,
단국의대인적성면접,단국대,충청,인·적성,단국대,T2 유형,
단국의대생기부면접,단국대,충청,인·적성,단국대,T2 유형,
단국의대서류확인면접,단국대,충청,인·적성,단국대,T2 유형,
단국의예과면접,단국대,충청,인·적성,단국대,T1 핵심,
단국의예과인적성면접,단국대,충청,인·적성,단국대,T2 유형,
단국의예과생기부면접,단국대,충청,인·적성,단국대,T2 유형,
단국의예과서류확인면접,단국대,충청,인·적성,단국대,T2 유형,
단국의대면접기출,단국대,충청,인·적성,단국대,T3 행동·정보,
단국의대면접문제,단국대,충청,인·적성,단국대,T3 행동·정보,
단국의대면접일,단국대,충청,인·적성,단국대,T3 행동·정보,
단국의대면접일정,단국대,충청,인·적성,단국대,T3 행동·정보,
단국의대면접준비,단국대,충청,인·적성,단국대,T3 행동·정보,
단국의대면접대비,단국대,충청,인·적성,단국대,T3 행동·정보,
단국의대면접학원,단국대,충청,인·적성,단국대,T3 행동·정보,
단국의대면접과외,단국대,충청,인·적성,단국대,T3 행동·정보,
단국의대면접후기,단국대,충청,인·적성,단국대,T3 행동·정보,
단국대천안의대면접,단국대,충청,인·적성,단국대,T1 핵심,
단국대천안의대인적성면접,단국대,충청,인·적성,단국대,T2 유형,
단국대천안의대생기부면접,단국대,충청,인·적성,단국대,T2 유형,
단국대천안의대서류확인면접,단국대,충청,인·적성,단국대,T2 유형,
단국대천안의예과면접,단국대,충청,인·적성,단국대,T1 핵심,
단국대천안의예과인적성면접,단국대,충청,인·적성,단국대,T2 유형,
단국대천안의예과생기부면접,단국대,충청,인·적성,단국대,T2 유형,
단국대천안의예과서류확인면접,단국대,충청,인·적성,단국대,T2 유형,
단국대천안의대면접기출,단국대,충청,인·적성,단국대,T3 행동·정보,
단국대천안의대면접문제,단국대,충청,인·적성,단국대,T3 행동·정보,
단국대천안의대면접일,단국대,충청,인·적성,단국대,T3 행동·정보,
단국대천안의대면접일정,단국대,충청,인·적성,단국대,T3 행동·정보,
단국대천안의대면접준비,단국대,충청,인·적성,단국대,T3 행동·정보,
단국대천안의대면접대비,단국대,충청,인·적성,단국대,T3 행동·정보,
단국대천안의대면접학원,단국대,충청,인·적성,단국대,T3 행동·정보,
단국대천안의대면접과외,단국대,충청,인·적성,단국대,T3 행동·정보,
단국대천안의대면접후기,단국대,충청,인·적성,단국대,T3 행동·정보,
천안단국대의대면접,단국대,충청,인·적성,단국대,T1 핵심,
천안단국대의대인적성면접,단국대,충청,인·적성,단국대,T2 유형,
천안단국대의대생기부면접,단국대,충청,인·적성,단국대,T2 유형,
천안단국대의대서류확인면접,단국대,충청,인·적성,단국대,T2 유형,
천안단국대의예과면접,단국대,충청,인·적성,단국대,T1 핵심,
천안단국대의예과인적성면접,단국대,충청,인·적성,단국대,T2 유형,
천안단국대의예과생기부면접,단국대,충청,인·적성,단국대,T2 유형,
천안단국대의예과서류확인면접,단국대,충청,인·적성,단국대,T2 유형,
천안단국대의대면접기출,단국대,충청,인·적성,단국대,T3 행동·정보,
천안단국대의대면접문제,단국대,충청,인·적성,단국대,T3 행동·정보,
천안단국대의대면접일,단국대,충청,인·적성,단국대,T3 행동·정보,
천안단국대의대면접일정,단국대,충청,인·적성,단국대,T3 행동·정보,
천안단국대의대면접준비,단국대,충청,인·적성,단국대,T3 행동·정보,
천안단국대의대면접대비,단국대,충청,인·적성,단국대,T3 행동·정보,
천안단국대의대면접학원,단국대,충청,인·적성,단국대,T3 행동·정보,
천안단국대의대면접과외,단국대,충청,인·적성,단국대,T3 행동·정보,
천안단국대의대면접후기,단국대,충청,인·적성,단국대,T3 행동·정보,
순천향대의대면접,순천향대,충청,인·적성,순천향대,T1 핵심,
순천향대의대인적성면접,순천향대,충청,인·적성,순천향대,T2 유형,
순천향대의대생기부면접,순천향대,충청,인·적성,순천향대,T2 유형,
순천향대의대서류확인면접,순천향대,충청,인·적성,순천향대,T2 유형,
순천향대의예과면접,순천향대,충청,인·적성,순천향대,T1 핵심,
순천향대의예과인적성면접,순천향대,충청,인·적성,순천향대,T2 유형,
순천향대의예과생기부면접,순천향대,충청,인·적성,순천향대,T2 유형,
순천향대의예과서류확인면접,순천향대,충청,인·적성,순천향대,T2 유형,
순천향대의대면접기출,순천향대,충청,인·적성,순천향대,T3 행동·정보,
순천향대의대면접문제,순천향대,충청,인·적성,순천향대,T3 행동·정보,
순천향대의대면접일,순천향대,충청,인·적성,순천향대,T3 행동·정보,
순천향대의대면접일정,순천향대,충청,인·적성,순천향대,T3 행동·정보,
순천향대의대면접준비,순천향대,충청,인·적성,순천향대,T3 행동·정보,
순천향대의대면접대비,순천향대,충청,인·적성,순천향대,T3 행동·정보,
순천향대의대면접학원,순천향대,충청,인·적성,순천향대,T3 행동·정보,
순천향대의대면접과외,순천향대,충청,인·적성,순천향대,T3 행동·정보,
순천향대의대면접후기,순천향대,충청,인·적성,순천향대,T3 행동·정보,
순천향의대면접,순천향대,충청,인·적성,순천향대,T1 핵심,
순천향의대인적성면접,순천향대,충청,인·적성,순천향대,T2 유형,
순천향의대생기부면접,순천향대,충청,인·적성,순천향대,T2 유형,
순천향의대서류확인면접,순천향대,충청,인·적성,순천향대,T2 유형,
순천향의예과면접,순천향대,충청,인·적성,순천향대,T1 핵심,
순천향의예과인적성면접,순천향대,충청,인·적성,순천향대,T2 유형,
순천향의예과생기부면접,순천향대,충청,인·적성,순천향대,T2 유형,
순천향의예과서류확인면접,순천향대,충청,인·적성,순천향대,T2 유형,
순천향의대면접기출,순천향대,충청,인·적성,순천향대,T3 행동·정보,
순천향의대면접문제,순천향대,충청,인·적성,순천향대,T3 행동·정보,
순천향의대면접일,순천향대,충청,인·적성,순천향대,T3 행동·정보,
순천향의대면접일정,순천향대,충청,인·적성,순천향대,T3 행동·정보,
순천향의대면접준비,순천향대,충청,인·적성,순천향대,T3 행동·정보,
순천향의대면접대비,순천향대,충청,인·적성,순천향대,T3 행동·정보,
순천향의대면접학원,순천향대,충청,인·적성,순천향대,T3 행동·정보,
순천향의대면접과외,순천향대,충청,인·적성,순천향대,T3 행동·정보,
순천향의대면접후기,순천향대,충청,인·적성,순천향대,T3 행동·정보,
을지대의대면접,을지대,충청,인·적성,을지대,T1 핵심,
을지대의대인적성면접,을지대,충청,인·적성,을지대,T2 유형,
을지대의대생기부면접,을지대,충청,인·적성,을지대,T2 유형,
을지대의대서류확인면접,을지대,충청,인·적성,을지대,T2 유형,
을지대의예과면접,을지대,충청,인·적성,을지대,T1 핵심,
을지대의예과인적성면접,을지대,충청,인·적성,을지대,T2 유형,
을지대의예과생기부면접,을지대,충청,인·적성,을지대,T2 유형,
을지대의예과서류확인면접,을지대,충청,인·적성,을지대,T2 유형,
을지대의대면접기출,을지대,충청,인·적성,을지대,T3 행동·정보,
을지대의대면접문제,을지대,충청,인·적성,을지대,T3 행동·정보,
을지대의대면접일,을지대,충청,인·적성,을지대,T3 행동·정보,
을지대의대면접일정,을지대,충청,인·적성,을지대,T3 행동·정보,
을지대의대면접준비,을지대,충청,인·적성,을지대,T3 행동·정보,
을지대의대면접대비,을지대,충청,인·적성,을지대,T3 행동·정보,
을지대의대면접학원,을지대,충청,인·적성,을지대,T3 행동·정보,
을지대의대면접과외,을지대,충청,인·적성,을지대,T3 행동·정보,
을지대의대면접후기,을지대,충청,인·적성,을지대,T3 행동·정보,
을지의대면접,을지대,충청,인·적성,을지대,T1 핵심,
을지의대인적성면접,을지대,충청,인·적성,을지대,T2 유형,
을지의대생기부면접,을지대,충청,인·적성,을지대,T2 유형,
을지의대서류확인면접,을지대,충청,인·적성,을지대,T2 유형,
을지의예과면접,을지대,충청,인·적성,을지대,T1 핵심,
을지의예과인적성면접,을지대,충청,인·적성,을지대,T2 유형,
을지의예과생기부면접,을지대,충청,인·적성,을지대,T2 유형,
을지의예과서류확인면접,을지대,충청,인·적성,을지대,T2 유형,
을지의대면접기출,을지대,충청,인·적성,을지대,T3 행동·정보,
을지의대면접문제,을지대,충청,인·적성,을지대,T3 행동·정보,
을지의대면접일,을지대,충청,인·적성,을지대,T3 행동·정보,
을지의대면접일정,을지대,충청,인·적성,을지대,T3 행동·정보,
을지의대면접준비,을지대,충청,인·적성,을지대,T3 행동·정보,
을지의대면접대비,을지대,충청,인·적성,을지대,T3 행동·정보,
을지의대면접학원,을지대,충청,인·적성,을지대,T3 행동·정보,
을지의대면접과외,을지대,충청,인·적성,을지대,T3 행동·정보,
을지의대면접후기,을지대,충청,인·적성,을지대,T3 행동·정보,
충남대의대면접,충남대,충청,인·적성,충남대,T1 핵심,
충남대의대인적성면접,충남대,충청,인·적성,충남대,T2 유형,
충남대의대생기부면접,충남대,충청,인·적성,충남대,T2 유형,
충남대의대서류확인면접,충남대,충청,인·적성,충남대,T2 유형,
충남대의예과면접,충남대,충청,인·적성,충남대,T1 핵심,
충남대의예과인적성면접,충남대,충청,인·적성,충남대,T2 유형,
충남대의예과생기부면접,충남대,충청,인·적성,충남대,T2 유형,
충남대의예과서류확인면접,충남대,충청,인·적성,충남대,T2 유형,
충남대의대면접기출,충남대,충청,인·적성,충남대,T3 행동·정보,
충남대의대면접문제,충남대,충청,인·적성,충남대,T3 행동·정보,
충남대의대면접일,충남대,충청,인·적성,충남대,T3 행동·정보,
충남대의대면접일정,충남대,충청,인·적성,충남대,T3 행동·정보,
충남대의대면접준비,충남대,충청,인·적성,충남대,T3 행동·정보,
충남대의대면접대비,충남대,충청,인·적성,충남대,T3 행동·정보,
충남대의대면접학원,충남대,충청,인·적성,충남대,T3 행동·정보,
충남대의대면접과외,충남대,충청,인·적성,충남대,T3 행동·정보,
충남대의대면접후기,충남대,충청,인·적성,충남대,T3 행동·정보,
충대의대면접,충남대,충청,인·적성,충남대,T1 핵심,충남대·충북대 혼동
충대의대인적성면접,충남대,충청,인·적성,충남대,T2 유형,충남대·충북대 혼동
충대의대생기부면접,충남대,충청,인·적성,충남대,T2 유형,충남대·충북대 혼동
충대의대서류확인면접,충남대,충청,인·적성,충남대,T2 유형,충남대·충북대 혼동
충대의예과면접,충남대,충청,인·적성,충남대,T1 핵심,충남대·충북대 혼동
충대의예과인적성면접,충남대,충청,인·적성,충남대,T2 유형,충남대·충북대 혼동
충대의예과생기부면접,충남대,충청,인·적성,충남대,T2 유형,충남대·충북대 혼동
충대의예과서류확인면접,충남대,충청,인·적성,충남대,T2 유형,충남대·충북대 혼동
충대의대면접기출,충남대,충청,인·적성,충남대,T3 행동·정보,충남대·충북대 혼동
충대의대면접문제,충남대,충청,인·적성,충남대,T3 행동·정보,충남대·충북대 혼동
충대의대면접일,충남대,충청,인·적성,충남대,T3 행동·정보,충남대·충북대 혼동
충대의대면접일정,충남대,충청,인·적성,충남대,T3 행동·정보,충남대·충북대 혼동
충대의대면접준비,충남대,충청,인·적성,충남대,T3 행동·정보,충남대·충북대 혼동
충대의대면접대비,충남대,충청,인·적성,충남대,T3 행동·정보,충남대·충북대 혼동
충대의대면접학원,충남대,충청,인·적성,충남대,T3 행동·정보,충남대·충북대 혼동
충대의대면접과외,충남대,충청,인·적성,충남대,T3 행동·정보,충남대·충북대 혼동
충대의대면접후기,충남대,충청,인·적성,충남대,T3 행동·정보,충남대·충북대 혼동
충남의대면접,충남대,충청,인·적성,충남대,T1 핵심,
충남의대인적성면접,충남대,충청,인·적성,충남대,T2 유형,
충남의대생기부면접,충남대,충청,인·적성,충남대,T2 유형,
충남의대서류확인면접,충남대,충청,인·적성,충남대,T2 유형,
충남의예과면접,충남대,충청,인·적성,충남대,T1 핵심,
충남의예과인적성면접,충남대,충청,인·적성,충남대,T2 유형,
충남의예과생기부면접,충남대,충청,인·적성,충남대,T2 유형,
충남의예과서류확인면접,충남대,충청,인·적성,충남대,T2 유형,
충남의대면접기출,충남대,충청,인·적성,충남대,T3 행동·정보,
충남의대면접문제,충남대,충청,인·적성,충남대,T3 행동·정보,
충남의대면접일,충남대,충청,인·적성,충남대,T3 행동·정보,
충남의대면접일정,충남대,충청,인·적성,충남대,T3 행동·정보,
충남의대면접준비,충남대,충청,인·적성,충남대,T3 행동·정보,
충남의대면접대비,충남대,충청,인·적성,충남대,T3 행동·정보,
충남의대면접학원,충남대,충청,인·적성,충남대,T3 행동·정보,
충남의대면접과외,충남대,충청,인·적성,충남대,T3 행동·정보,
충남의대면접후기,충남대,충청,인·적성,충남대,T3 행동·정보,
원광대의대면접,원광대,전라,인·적성,원광대,T1 핵심,
원광대의대인적성면접,원광대,전라,인·적성,원광대,T2 유형,
원광대의대생기부면접,원광대,전라,인·적성,원광대,T2 유형,
원광대의대서류확인면접,원광대,전라,인·적성,원광대,T2 유형,
원광대의예과면접,원광대,전라,인·적성,원광대,T1 핵심,
원광대의예과인적성면접,원광대,전라,인·적성,원광대,T2 유형,
원광대의예과생기부면접,원광대,전라,인·적성,원광대,T2 유형,
원광대의예과서류확인면접,원광대,전라,인·적성,원광대,T2 유형,
원광대의대면접기출,원광대,전라,인·적성,원광대,T3 행동·정보,
원광대의대면접문제,원광대,전라,인·적성,원광대,T3 행동·정보,
원광대의대면접일,원광대,전라,인·적성,원광대,T3 행동·정보,
원광대의대면접일정,원광대,전라,인·적성,원광대,T3 행동·정보,
원광대의대면접준비,원광대,전라,인·적성,원광대,T3 행동·정보,
원광대의대면접대비,원광대,전라,인·적성,원광대,T3 행동·정보,
원광대의대면접학원,원광대,전라,인·적성,원광대,T3 행동·정보,
원광대의대면접과외,원광대,전라,인·적성,원광대,T3 행동·정보,
원광대의대면접후기,원광대,전라,인·적성,원광대,T3 행동·정보,
원광의대면접,원광대,전라,인·적성,원광대,T1 핵심,
원광의대인적성면접,원광대,전라,인·적성,원광대,T2 유형,
원광의대생기부면접,원광대,전라,인·적성,원광대,T2 유형,
원광의대서류확인면접,원광대,전라,인·적성,원광대,T2 유형,
원광의예과면접,원광대,전라,인·적성,원광대,T1 핵심,
원광의예과인적성면접,원광대,전라,인·적성,원광대,T2 유형,
원광의예과생기부면접,원광대,전라,인·적성,원광대,T2 유형,
원광의예과서류확인면접,원광대,전라,인·적성,원광대,T2 유형,
원광의대면접기출,원광대,전라,인·적성,원광대,T3 행동·정보,
원광의대면접문제,원광대,전라,인·적성,원광대,T3 행동·정보,
원광의대면접일,원광대,전라,인·적성,원광대,T3 행동·정보,
원광의대면접일정,원광대,전라,인·적성,원광대,T3 행동·정보,
원광의대면접준비,원광대,전라,인·적성,원광대,T3 행동·정보,
원광의대면접대비,원광대,전라,인·적성,원광대,T3 행동·정보,
원광의대면접학원,원광대,전라,인·적성,원광대,T3 행동·정보,
원광의대면접과외,원광대,전라,인·적성,원광대,T3 행동·정보,
원광의대면접후기,원광대,전라,인·적성,원광대,T3 행동·정보,
전남대의대면접,전남대,전라,인·적성,전남대,T1 핵심,
전남대의대인적성면접,전남대,전라,인·적성,전남대,T2 유형,
전남대의대생기부면접,전남대,전라,인·적성,전남대,T2 유형,
전남대의대서류확인면접,전남대,전라,인·적성,전남대,T2 유형,
전남대의예과면접,전남대,전라,인·적성,전남대,T1 핵심,
전남대의예과인적성면접,전남대,전라,인·적성,전남대,T2 유형,
전남대의예과생기부면접,전남대,전라,인·적성,전남대,T2 유형,
전남대의예과서류확인면접,전남대,전라,인·적성,전남대,T2 유형,
전남대의대면접기출,전남대,전라,인·적성,전남대,T3 행동·정보,
전남대의대면접문제,전남대,전라,인·적성,전남대,T3 행동·정보,
전남대의대면접일,전남대,전라,인·적성,전남대,T3 행동·정보,
전남대의대면접일정,전남대,전라,인·적성,전남대,T3 행동·정보,
전남대의대면접준비,전남대,전라,인·적성,전남대,T3 행동·정보,
전남대의대면접대비,전남대,전라,인·적성,전남대,T3 행동·정보,
전남대의대면접학원,전남대,전라,인·적성,전남대,T3 행동·정보,
전남대의대면접과외,전남대,전라,인·적성,전남대,T3 행동·정보,
전남대의대면접후기,전남대,전라,인·적성,전남대,T3 행동·정보,
전대의대면접,전남대,전라,인·적성,전남대,T1 핵심,전남대·전북대 혼동
전대의대인적성면접,전남대,전라,인·적성,전남대,T2 유형,전남대·전북대 혼동
전대의대생기부면접,전남대,전라,인·적성,전남대,T2 유형,전남대·전북대 혼동
전대의대서류확인면접,전남대,전라,인·적성,전남대,T2 유형,전남대·전북대 혼동
전대의예과면접,전남대,전라,인·적성,전남대,T1 핵심,전남대·전북대 혼동
전대의예과인적성면접,전남대,전라,인·적성,전남대,T2 유형,전남대·전북대 혼동
전대의예과생기부면접,전남대,전라,인·적성,전남대,T2 유형,전남대·전북대 혼동
전대의예과서류확인면접,전남대,전라,인·적성,전남대,T2 유형,전남대·전북대 혼동
전대의대면접기출,전남대,전라,인·적성,전남대,T3 행동·정보,전남대·전북대 혼동
전대의대면접문제,전남대,전라,인·적성,전남대,T3 행동·정보,전남대·전북대 혼동
전대의대면접일,전남대,전라,인·적성,전남대,T3 행동·정보,전남대·전북대 혼동
전대의대면접일정,전남대,전라,인·적성,전남대,T3 행동·정보,전남대·전북대 혼동
전대의대면접준비,전남대,전라,인·적성,전남대,T3 행동·정보,전남대·전북대 혼동
전대의대면접대비,전남대,전라,인·적성,전남대,T3 행동·정보,전남대·전북대 혼동
전대의대면접학원,전남대,전라,인·적성,전남대,T3 행동·정보,전남대·전북대 혼동
전대의대면접과외,전남대,전라,인·적성,전남대,T3 행동·정보,전남대·전북대 혼동
전대의대면접후기,전남대,전라,인·적성,전남대,T3 행동·정보,전남대·전북대 혼동
전남의대면접,전남대,전라,인·적성,전남대,T1 핵심,
전남의대인적성면접,전남대,전라,인·적성,전남대,T2 유형,
전남의대생기부면접,전남대,전라,인·적성,전남대,T2 유형,
전남의대서류확인면접,전남대,전라,인·적성,전남대,T2 유형,
전남의예과면접,전남대,전라,인·적성,전남대,T1 핵심,
전남의예과인적성면접,전남대,전라,인·적성,전남대,T2 유형,
전남의예과생기부면접,전남대,전라,인·적성,전남대,T2 유형,
전남의예과서류확인면접,전남대,전라,인·적성,전남대,T2 유형,
전남의대면접기출,전남대,전라,인·적성,전남대,T3 행동·정보,
전남의대면접문제,전남대,전라,인·적성,전남대,T3 행동·정보,
전남의대면접일,전남대,전라,인·적성,전남대,T3 행동·정보,
전남의대면접일정,전남대,전라,인·적성,전남대,T3 행동·정보,
전남의대면접준비,전남대,전라,인·적성,전남대,T3 행동·정보,
전남의대면접대비,전남대,전라,인·적성,전남대,T3 행동·정보,
전남의대면접학원,전남대,전라,인·적성,전남대,T3 행동·정보,
전남의대면접과외,전남대,전라,인·적성,전남대,T3 행동·정보,
전남의대면접후기,전남대,전라,인·적성,전남대,T3 행동·정보,
전북대의대면접,전북대,전라,인·적성,전북대,T1 핵심,
전북대의대인적성면접,전북대,전라,인·적성,전북대,T2 유형,
전북대의대생기부면접,전북대,전라,인·적성,전북대,T2 유형,
전북대의대서류확인면접,전북대,전라,인·적성,전북대,T2 유형,
전북대의예과면접,전북대,전라,인·적성,전북대,T1 핵심,
전북대의예과인적성면접,전북대,전라,인·적성,전북대,T2 유형,
전북대의예과생기부면접,전북대,전라,인·적성,전북대,T2 유형,
전북대의예과서류확인면접,전북대,전라,인·적성,전북대,T2 유형,
전북대의대면접기출,전북대,전라,인·적성,전북대,T3 행동·정보,
전북대의대면접문제,전북대,전라,인·적성,전북대,T3 행동·정보,
전북대의대면접일,전북대,전라,인·적성,전북대,T3 행동·정보,
전북대의대면접일정,전북대,전라,인·적성,전북대,T3 행동·정보,
전북대의대면접준비,전북대,전라,인·적성,전북대,T3 행동·정보,
전북대의대면접대비,전북대,전라,인·적성,전북대,T3 행동·정보,
전북대의대면접학원,전북대,전라,인·적성,전북대,T3 행동·정보,
전북대의대면접과외,전북대,전라,인·적성,전북대,T3 행동·정보,
전북대의대면접후기,전북대,전라,인·적성,전북대,T3 행동·정보,
전북의대면접,전북대,전라,인·적성,전북대,T1 핵심,
전북의대인적성면접,전북대,전라,인·적성,전북대,T2 유형,
전북의대생기부면접,전북대,전라,인·적성,전북대,T2 유형,
전북의대서류확인면접,전북대,전라,인·적성,전북대,T2 유형,
전북의예과면접,전북대,전라,인·적성,전북대,T1 핵심,
전북의예과인적성면접,전북대,전라,인·적성,전북대,T2 유형,
전북의예과생기부면접,전북대,전라,인·적성,전북대,T2 유형,
전북의예과서류확인면접,전북대,전라,인·적성,전북대,T2 유형,
전북의대면접기출,전북대,전라,인·적성,전북대,T3 행동·정보,
전북의대면접문제,전북대,전라,인·적성,전북대,T3 행동·정보,
전북의대면접일,전북대,전라,인·적성,전북대,T3 행동·정보,
전북의대면접일정,전북대,전라,인·적성,전북대,T3 행동·정보,
전북의대면접준비,전북대,전라,인·적성,전북대,T3 행동·정보,
전북의대면접대비,전북대,전라,인·적성,전북대,T3 행동·정보,
전북의대면접학원,전북대,전라,인·적성,전북대,T3 행동·정보,
전북의대면접과외,전북대,전라,인·적성,전북대,T3 행동·정보,
전북의대면접후기,전북대,전라,인·적성,전북대,T3 행동·정보,
조선대의대면접,조선대,전라,인·적성,조선대,T1 핵심,
조선대의대인적성면접,조선대,전라,인·적성,조선대,T2 유형,
조선대의대생기부면접,조선대,전라,인·적성,조선대,T2 유형,
조선대의대서류확인면접,조선대,전라,인·적성,조선대,T2 유형,
조선대의예과면접,조선대,전라,인·적성,조선대,T1 핵심,
조선대의예과인적성면접,조선대,전라,인·적성,조선대,T2 유형,
조선대의예과생기부면접,조선대,전라,인·적성,조선대,T2 유형,
조선대의예과서류확인면접,조선대,전라,인·적성,조선대,T2 유형,
조선대의대면접기출,조선대,전라,인·적성,조선대,T3 행동·정보,
조선대의대면접문제,조선대,전라,인·적성,조선대,T3 행동·정보,
조선대의대면접일,조선대,전라,인·적성,조선대,T3 행동·정보,
조선대의대면접일정,조선대,전라,인·적성,조선대,T3 행동·정보,
조선대의대면접준비,조선대,전라,인·적성,조선대,T3 행동·정보,
조선대의대면접대비,조선대,전라,인·적성,조선대,T3 행동·정보,
조선대의대면접학원,조선대,전라,인·적성,조선대,T3 행동·정보,
조선대의대면접과외,조선대,전라,인·적성,조선대,T3 행동·정보,
조선대의대면접후기,조선대,전라,인·적성,조선대,T3 행동·정보,
조선의대면접,조선대,전라,인·적성,조선대,T1 핵심,
조선의대인적성면접,조선대,전라,인·적성,조선대,T2 유형,
조선의대생기부면접,조선대,전라,인·적성,조선대,T2 유형,
조선의대서류확인면접,조선대,전라,인·적성,조선대,T2 유형,
조선의예과면접,조선대,전라,인·적성,조선대,T1 핵심,
조선의예과인적성면접,조선대,전라,인·적성,조선대,T2 유형,
조선의예과생기부면접,조선대,전라,인·적성,조선대,T2 유형,
조선의예과서류확인면접,조선대,전라,인·적성,조선대,T2 유형,
조선의대면접기출,조선대,전라,인·적성,조선대,T3 행동·정보,
조선의대면접문제,조선대,전라,인·적성,조선대,T3 행동·정보,
조선의대면접일,조선대,전라,인·적성,조선대,T3 행동·정보,
조선의대면접일정,조선대,전라,인·적성,조선대,T3 행동·정보,
조선의대면접준비,조선대,전라,인·적성,조선대,T3 행동·정보,
조선의대면접대비,조선대,전라,인·적성,조선대,T3 행동·정보,
조선의대면접학원,조선대,전라,인·적성,조선대,T3 행동·정보,
조선의대면접과외,조선대,전라,인·적성,조선대,T3 행동·정보,
조선의대면접후기,조선대,전라,인·적성,조선대,T3 행동·정보,
경북대의대면접,경북대,경상,인·적성,경북대,T1 핵심,
경북대의대인적성면접,경북대,경상,인·적성,경북대,T2 유형,
경북대의대생기부면접,경북대,경상,인·적성,경북대,T2 유형,
경북대의대서류확인면접,경북대,경상,인·적성,경북대,T2 유형,
경북대의예과면접,경북대,경상,인·적성,경북대,T1 핵심,
경북대의예과인적성면접,경북대,경상,인·적성,경북대,T2 유형,
경북대의예과생기부면접,경북대,경상,인·적성,경북대,T2 유형,
경북대의예과서류확인면접,경북대,경상,인·적성,경북대,T2 유형,
경북대의대면접기출,경북대,경상,인·적성,경북대,T3 행동·정보,
경북대의대면접문제,경북대,경상,인·적성,경북대,T3 행동·정보,
경북대의대면접일,경북대,경상,인·적성,경북대,T3 행동·정보,
경북대의대면접일정,경북대,경상,인·적성,경북대,T3 행동·정보,
경북대의대면접준비,경북대,경상,인·적성,경북대,T3 행동·정보,
경북대의대면접대비,경북대,경상,인·적성,경북대,T3 행동·정보,
경북대의대면접학원,경북대,경상,인·적성,경북대,T3 행동·정보,
경북대의대면접과외,경북대,경상,인·적성,경북대,T3 행동·정보,
경북대의대면접후기,경북대,경상,인·적성,경북대,T3 행동·정보,
경북의대면접,경북대,경상,인·적성,경북대,T1 핵심,
경북의대인적성면접,경북대,경상,인·적성,경북대,T2 유형,
경북의대생기부면접,경북대,경상,인·적성,경북대,T2 유형,
경북의대서류확인면접,경북대,경상,인·적성,경북대,T2 유형,
경북의예과면접,경북대,경상,인·적성,경북대,T1 핵심,
경북의예과인적성면접,경북대,경상,인·적성,경북대,T2 유형,
경북의예과생기부면접,경북대,경상,인·적성,경북대,T2 유형,
경북의예과서류확인면접,경북대,경상,인·적성,경북대,T2 유형,
경북의대면접기출,경북대,경상,인·적성,경북대,T3 행동·정보,
경북의대면접문제,경북대,경상,인·적성,경북대,T3 행동·정보,
경북의대면접일,경북대,경상,인·적성,경북대,T3 행동·정보,
경북의대면접일정,경북대,경상,인·적성,경북대,T3 행동·정보,
경북의대면접준비,경북대,경상,인·적성,경북대,T3 행동·정보,
경북의대면접대비,경북대,경상,인·적성,경북대,T3 행동·정보,
경북의대면접학원,경북대,경상,인·적성,경북대,T3 행동·정보,
경북의대면접과외,경북대,경상,인·적성,경북대,T3 행동·정보,
경북의대면접후기,경북대,경상,인·적성,경북대,T3 행동·정보,
경상국립대의대면접,경상국립대,경상,인·적성,경상국립대,T1 핵심,
경상국립대의대인적성면접,경상국립대,경상,인·적성,경상국립대,T2 유형,
경상국립대의대생기부면접,경상국립대,경상,인·적성,경상국립대,T2 유형,
경상국립대의대서류확인면접,경상국립대,경상,인·적성,경상국립대,T2 유형,
경상국립대의예과면접,경상국립대,경상,인·적성,경상국립대,T1 핵심,
경상국립대의예과인적성면접,경상국립대,경상,인·적성,경상국립대,T2 유형,
경상국립대의예과생기부면접,경상국립대,경상,인·적성,경상국립대,T2 유형,
경상국립대의예과서류확인면접,경상국립대,경상,인·적성,경상국립대,T2 유형,
경상국립대의대면접기출,경상국립대,경상,인·적성,경상국립대,T3 행동·정보,
경상국립대의대면접문제,경상국립대,경상,인·적성,경상국립대,T3 행동·정보,
경상국립대의대면접일,경상국립대,경상,인·적성,경상국립대,T3 행동·정보,
경상국립대의대면접일정,경상국립대,경상,인·적성,경상국립대,T3 행동·정보,
경상국립대의대면접준비,경상국립대,경상,인·적성,경상국립대,T3 행동·정보,
경상국립대의대면접대비,경상국립대,경상,인·적성,경상국립대,T3 행동·정보,
경상국립대의대면접학원,경상국립대,경상,인·적성,경상국립대,T3 행동·정보,
경상국립대의대면접과외,경상국립대,경상,인·적성,경상국립대,T3 행동·정보,
경상국립대의대면접후기,경상국립대,경상,인·적성,경상국립대,T3 행동·정보,
경상대의대면접,경상국립대,경상,인·적성,경상국립대,T1 핵심,
경상대의대인적성면접,경상국립대,경상,인·적성,경상국립대,T2 유형,
경상대의대생기부면접,경상국립대,경상,인·적성,경상국립대,T2 유형,
경상대의대서류확인면접,경상국립대,경상,인·적성,경상국립대,T2 유형,
경상대의예과면접,경상국립대,경상,인·적성,경상국립대,T1 핵심,
경상대의예과인적성면접,경상국립대,경상,인·적성,경상국립대,T2 유형,
경상대의예과생기부면접,경상국립대,경상,인·적성,경상국립대,T2 유형,
경상대의예과서류확인면접,경상국립대,경상,인·적성,경상국립대,T2 유형,
경상대의대면접기출,경상국립대,경상,인·적성,경상국립대,T3 행동·정보,
경상대의대면접문제,경상국립대,경상,인·적성,경상국립대,T3 행동·정보,
경상대의대면접일,경상국립대,경상,인·적성,경상국립대,T3 행동·정보,
경상대의대면접일정,경상국립대,경상,인·적성,경상국립대,T3 행동·정보,
경상대의대면접준비,경상국립대,경상,인·적성,경상국립대,T3 행동·정보,
경상대의대면접대비,경상국립대,경상,인·적성,경상국립대,T3 행동·정보,
경상대의대면접학원,경상국립대,경상,인·적성,경상국립대,T3 행동·정보,
경상대의대면접과외,경상국립대,경상,인·적성,경상국립대,T3 행동·정보,
경상대의대면접후기,경상국립대,경상,인·적성,경상국립대,T3 행동·정보,
경상국립의대면접,경상국립대,경상,인·적성,경상국립대,T1 핵심,
경상국립의대인적성면접,경상국립대,경상,인·적성,경상국립대,T2 유형,
경상국립의대생기부면접,경상국립대,경상,인·적성,경상국립대,T2 유형,
경상국립의대서류확인면접,경상국립대,경상,인·적성,경상국립대,T2 유형,
경상국립의예과면접,경상국립대,경상,인·적성,경상국립대,T1 핵심,
경상국립의예과인적성면접,경상국립대,경상,인·적성,경상국립대,T2 유형,
경상국립의예과생기부면접,경상국립대,경상,인·적성,경상국립대,T2 유형,
경상국립의예과서류확인면접,경상국립대,경상,인·적성,경상국립대,T2 유형,
경상국립의대면접기출,경상국립대,경상,인·적성,경상국립대,T3 행동·정보,
경상국립의대면접문제,경상국립대,경상,인·적성,경상국립대,T3 행동·정보,
경상국립의대면접일,경상국립대,경상,인·적성,경상국립대,T3 행동·정보,
경상국립의대면접일정,경상국립대,경상,인·적성,경상국립대,T3 행동·정보,
경상국립의대면접준비,경상국립대,경상,인·적성,경상국립대,T3 행동·정보,
경상국립의대면접대비,경상국립대,경상,인·적성,경상국립대,T3 행동·정보,
경상국립의대면접학원,경상국립대,경상,인·적성,경상국립대,T3 행동·정보,
경상국립의대면접과외,경상국립대,경상,인·적성,경상국립대,T3 행동·정보,
경상국립의대면접후기,경상국립대,경상,인·적성,경상국립대,T3 행동·정보,
계명대의대면접,계명대,경상,MMI,계명대,T1 핵심,
계명대의대mmi,계명대,경상,MMI,계명대,T2 유형,
계명대의대mmi면접,계명대,경상,MMI,계명대,T2 유형,
계명대의대다중미니면접,계명대,경상,MMI,계명대,T2 유형,
계명대의예과면접,계명대,경상,MMI,계명대,T1 핵심,
계명대의예과mmi,계명대,경상,MMI,계명대,T2 유형,
계명대의예과mmi면접,계명대,경상,MMI,계명대,T2 유형,
계명대의예과다중미니면접,계명대,경상,MMI,계명대,T2 유형,
계명대의대면접기출,계명대,경상,MMI,계명대,T3 행동·정보,
계명대의대면접문제,계명대,경상,MMI,계명대,T3 행동·정보,
계명대의대면접일,계명대,경상,MMI,계명대,T3 행동·정보,
계명대의대면접일정,계명대,경상,MMI,계명대,T3 행동·정보,
계명대의대면접준비,계명대,경상,MMI,계명대,T3 행동·정보,
계명대의대면접대비,계명대,경상,MMI,계명대,T3 행동·정보,
계명대의대면접학원,계명대,경상,MMI,계명대,T3 행동·정보,
계명대의대면접과외,계명대,경상,MMI,계명대,T3 행동·정보,
계명대의대면접후기,계명대,경상,MMI,계명대,T3 행동·정보,
계명의대면접,계명대,경상,MMI,계명대,T1 핵심,
계명의대mmi,계명대,경상,MMI,계명대,T2 유형,
계명의대mmi면접,계명대,경상,MMI,계명대,T2 유형,
계명의대다중미니면접,계명대,경상,MMI,계명대,T2 유형,
계명의예과면접,계명대,경상,MMI,계명대,T1 핵심,
계명의예과mmi,계명대,경상,MMI,계명대,T2 유형,
계명의예과mmi면접,계명대,경상,MMI,계명대,T2 유형,
계명의예과다중미니면접,계명대,경상,MMI,계명대,T2 유형,
계명의대면접기출,계명대,경상,MMI,계명대,T3 행동·정보,
계명의대면접문제,계명대,경상,MMI,계명대,T3 행동·정보,
계명의대면접일,계명대,경상,MMI,계명대,T3 행동·정보,
계명의대면접일정,계명대,경상,MMI,계명대,T3 행동·정보,
계명의대면접준비,계명대,경상,MMI,계명대,T3 행동·정보,
계명의대면접대비,계명대,경상,MMI,계명대,T3 행동·정보,
계명의대면접학원,계명대,경상,MMI,계명대,T3 행동·정보,
계명의대면접과외,계명대,경상,MMI,계명대,T3 행동·정보,
계명의대면접후기,계명대,경상,MMI,계명대,T3 행동·정보,
고신대의대면접,고신대,경상,인·적성,고신대,T1 핵심,
고신대의대인적성면접,고신대,경상,인·적성,고신대,T2 유형,
고신대의대생기부면접,고신대,경상,인·적성,고신대,T2 유형,
고신대의대서류확인면접,고신대,경상,인·적성,고신대,T2 유형,
고신대의예과면접,고신대,경상,인·적성,고신대,T1 핵심,
고신대의예과인적성면접,고신대,경상,인·적성,고신대,T2 유형,
고신대의예과생기부면접,고신대,경상,인·적성,고신대,T2 유형,
고신대의예과서류확인면접,고신대,경상,인·적성,고신대,T2 유형,
고신대의대면접기출,고신대,경상,인·적성,고신대,T3 행동·정보,
고신대의대면접문제,고신대,경상,인·적성,고신대,T3 행동·정보,
고신대의대면접일,고신대,경상,인·적성,고신대,T3 행동·정보,
고신대의대면접일정,고신대,경상,인·적성,고신대,T3 행동·정보,
고신대의대면접준비,고신대,경상,인·적성,고신대,T3 행동·정보,
고신대의대면접대비,고신대,경상,인·적성,고신대,T3 행동·정보,
고신대의대면접학원,고신대,경상,인·적성,고신대,T3 행동·정보,
고신대의대면접과외,고신대,경상,인·적성,고신대,T3 행동·정보,
고신대의대면접후기,고신대,경상,인·적성,고신대,T3 행동·정보,
고신의대면접,고신대,경상,인·적성,고신대,T1 핵심,
고신의대인적성면접,고신대,경상,인·적성,고신대,T2 유형,
고신의대생기부면접,고신대,경상,인·적성,고신대,T2 유형,
고신의대서류확인면접,고신대,경상,인·적성,고신대,T2 유형,
고신의예과면접,고신대,경상,인·적성,고신대,T1 핵심,
고신의예과인적성면접,고신대,경상,인·적성,고신대,T2 유형,
고신의예과생기부면접,고신대,경상,인·적성,고신대,T2 유형,
고신의예과서류확인면접,고신대,경상,인·적성,고신대,T2 유형,
고신의대면접기출,고신대,경상,인·적성,고신대,T3 행동·정보,
고신의대면접문제,고신대,경상,인·적성,고신대,T3 행동·정보,
고신의대면접일,고신대,경상,인·적성,고신대,T3 행동·정보,
고신의대면접일정,고신대,경상,인·적성,고신대,T3 행동·정보,
고신의대면접준비,고신대,경상,인·적성,고신대,T3 행동·정보,
고신의대면접대비,고신대,경상,인·적성,고신대,T3 행동·정보,
고신의대면접학원,고신대,경상,인·적성,고신대,T3 행동·정보,
고신의대면접과외,고신대,경상,인·적성,고신대,T3 행동·정보,
고신의대면접후기,고신대,경상,인·적성,고신대,T3 행동·정보,
대구가톨릭대의대면접,대구가톨릭대,경상,MMI,대구가톨릭대,T1 핵심,
대구가톨릭대의대mmi,대구가톨릭대,경상,MMI,대구가톨릭대,T2 유형,
대구가톨릭대의대mmi면접,대구가톨릭대,경상,MMI,대구가톨릭대,T2 유형,
대구가톨릭대의대다중미니면접,대구가톨릭대,경상,MMI,대구가톨릭대,T2 유형,
대구가톨릭대의예과면접,대구가톨릭대,경상,MMI,대구가톨릭대,T1 핵심,
대구가톨릭대의예과mmi,대구가톨릭대,경상,MMI,대구가톨릭대,T2 유형,
대구가톨릭대의예과mmi면접,대구가톨릭대,경상,MMI,대구가톨릭대,T2 유형,
대구가톨릭대의예과다중미니면접,대구가톨릭대,경상,MMI,대구가톨릭대,T2 유형,
대구가톨릭대의대면접기출,대구가톨릭대,경상,MMI,대구가톨릭대,T3 행동·정보,
대구가톨릭대의대면접문제,대구가톨릭대,경상,MMI,대구가톨릭대,T3 행동·정보,
대구가톨릭대의대면접일,대구가톨릭대,경상,MMI,대구가톨릭대,T3 행동·정보,
대구가톨릭대의대면접일정,대구가톨릭대,경상,MMI,대구가톨릭대,T3 행동·정보,
대구가톨릭대의대면접준비,대구가톨릭대,경상,MMI,대구가톨릭대,T3 행동·정보,
대구가톨릭대의대면접대비,대구가톨릭대,경상,MMI,대구가톨릭대,T3 행동·정보,
대구가톨릭대의대면접학원,대구가톨릭대,경상,MMI,대구가톨릭대,T3 행동·정보,
대구가톨릭대의대면접과외,대구가톨릭대,경상,MMI,대구가톨릭대,T3 행동·정보,
대구가톨릭대의대면접후기,대구가톨릭대,경상,MMI,대구가톨릭대,T3 행동·정보,
대구카톨릭대의대면접,대구가톨릭대,경상,MMI,대구가톨릭대,T1 핵심,
대구카톨릭대의대mmi,대구가톨릭대,경상,MMI,대구가톨릭대,T2 유형,
대구카톨릭대의대mmi면접,대구가톨릭대,경상,MMI,대구가톨릭대,T2 유형,
대구카톨릭대의대다중미니면접,대구가톨릭대,경상,MMI,대구가톨릭대,T2 유형,
대구카톨릭대의예과면접,대구가톨릭대,경상,MMI,대구가톨릭대,T1 핵심,
대구카톨릭대의예과mmi,대구가톨릭대,경상,MMI,대구가톨릭대,T2 유형,
대구카톨릭대의예과mmi면접,대구가톨릭대,경상,MMI,대구가톨릭대,T2 유형,
대구카톨릭대의예과다중미니면접,대구가톨릭대,경상,MMI,대구가톨릭대,T2 유형,
대구카톨릭대의대면접기출,대구가톨릭대,경상,MMI,대구가톨릭대,T3 행동·정보,
대구카톨릭대의대면접문제,대구가톨릭대,경상,MMI,대구가톨릭대,T3 행동·정보,
대구카톨릭대의대면접일,대구가톨릭대,경상,MMI,대구가톨릭대,T3 행동·정보,
대구카톨릭대의대면접일정,대구가톨릭대,경상,MMI,대구가톨릭대,T3 행동·정보,
대구카톨릭대의대면접준비,대구가톨릭대,경상,MMI,대구가톨릭대,T3 행동·정보,
대구카톨릭대의대면접대비,대구가톨릭대,경상,MMI,대구가톨릭대,T3 행동·정보,
대구카톨릭대의대면접학원,대구가톨릭대,경상,MMI,대구가톨릭대,T3 행동·정보,
대구카톨릭대의대면접과외,대구가톨릭대,경상,MMI,대구가톨릭대,T3 행동·정보,
대구카톨릭대의대면접후기,대구가톨릭대,경상,MMI,대구가톨릭대,T3 행동·정보,
대가대의대면접,대구가톨릭대,경상,MMI,대구가톨릭대,T1 핵심,
대가대의대mmi,대구가톨릭대,경상,MMI,대구가톨릭대,T2 유형,
대가대의대mmi면접,대구가톨릭대,경상,MMI,대구가톨릭대,T2 유형,
대가대의대다중미니면접,대구가톨릭대,경상,MMI,대구가톨릭대,T2 유형,
대가대의예과면접,대구가톨릭대,경상,MMI,대구가톨릭대,T1 핵심,
대가대의예과mmi,대구가톨릭대,경상,MMI,대구가톨릭대,T2 유형,
대가대의예과mmi면접,대구가톨릭대,경상,MMI,대구가톨릭대,T2 유형,
대가대의예과다중미니면접,대구가톨릭대,경상,MMI,대구가톨릭대,T2 유형,
대가대의대면접기출,대구가톨릭대,경상,MMI,대구가톨릭대,T3 행동·정보,
대가대의대면접문제,대구가톨릭대,경상,MMI,대구가톨릭대,T3 행동·정보,
대가대의대면접일,대구가톨릭대,경상,MMI,대구가톨릭대,T3 행동·정보,
대가대의대면접일정,대구가톨릭대,경상,MMI,대구가톨릭대,T3 행동·정보,
대가대의대면접준비,대구가톨릭대,경상,MMI,대구가톨릭대,T3 행동·정보,
대가대의대면접대비,대구가톨릭대,경상,MMI,대구가톨릭대,T3 행동·정보,
대가대의대면접학원,대구가톨릭대,경상,MMI,대구가톨릭대,T3 행동·정보,
대가대의대면접과외,대구가톨릭대,경상,MMI,대구가톨릭대,T3 행동·정보,
대가대의대면접후기,대구가톨릭대,경상,MMI,대구가톨릭대,T3 행동·정보,
대구가톨릭의대면접,대구가톨릭대,경상,MMI,대구가톨릭대,T1 핵심,
대구가톨릭의대mmi,대구가톨릭대,경상,MMI,대구가톨릭대,T2 유형,
대구가톨릭의대mmi면접,대구가톨릭대,경상,MMI,대구가톨릭대,T2 유형,
대구가톨릭의대다중미니면접,대구가톨릭대,경상,MMI,대구가톨릭대,T2 유형,
대구가톨릭의예과면접,대구가톨릭대,경상,MMI,대구가톨릭대,T1 핵심,
대구가톨릭의예과mmi,대구가톨릭대,경상,MMI,대구가톨릭대,T2 유형,
대구가톨릭의예과mmi면접,대구가톨릭대,경상,MMI,대구가톨릭대,T2 유형,
대구가톨릭의예과다중미니면접,대구가톨릭대,경상,MMI,대구가톨릭대,T2 유형,
대구가톨릭의대면접기출,대구가톨릭대,경상,MMI,대구가톨릭대,T3 행동·정보,
대구가톨릭의대면접문제,대구가톨릭대,경상,MMI,대구가톨릭대,T3 행동·정보,
대구가톨릭의대면접일,대구가톨릭대,경상,MMI,대구가톨릭대,T3 행동·정보,
대구가톨릭의대면접일정,대구가톨릭대,경상,MMI,대구가톨릭대,T3 행동·정보,
대구가톨릭의대면접준비,대구가톨릭대,경상,MMI,대구가톨릭대,T3 행동·정보,
대구가톨릭의대면접대비,대구가톨릭대,경상,MMI,대구가톨릭대,T3 행동·정보,
대구가톨릭의대면접학원,대구가톨릭대,경상,MMI,대구가톨릭대,T3 행동·정보,
대구가톨릭의대면접과외,대구가톨릭대,경상,MMI,대구가톨릭대,T3 행동·정보,
대구가톨릭의대면접후기,대구가톨릭대,경상,MMI,대구가톨릭대,T3 행동·정보,
동국대WISE의대면접,동국대 WISE,경상,인·적성,동국대 WISE,T1 핵심,
동국대WISE의대인적성면접,동국대 WISE,경상,인·적성,동국대 WISE,T2 유형,
동국대WISE의대생기부면접,동국대 WISE,경상,인·적성,동국대 WISE,T2 유형,
동국대WISE의대서류확인면접,동국대 WISE,경상,인·적성,동국대 WISE,T2 유형,
동국대WISE의예과면접,동국대 WISE,경상,인·적성,동국대 WISE,T1 핵심,
동국대WISE의예과인적성면접,동국대 WISE,경상,인·적성,동국대 WISE,T2 유형,
동국대WISE의예과생기부면접,동국대 WISE,경상,인·적성,동국대 WISE,T2 유형,
동국대WISE의예과서류확인면접,동국대 WISE,경상,인·적성,동국대 WISE,T2 유형,
동국대WISE의대면접기출,동국대 WISE,경상,인·적성,동국대 WISE,T3 행동·정보,
동국대WISE의대면접문제,동국대 WISE,경상,인·적성,동국대 WISE,T3 행동·정보,
동국대WISE의대면접일,동국대 WISE,경상,인·적성,동국대 WISE,T3 행동·정보,
동국대WISE의대면접일정,동국대 WISE,경상,인·적성,동국대 WISE,T3 행동·정보,
동국대WISE의대면접준비,동국대 WISE,경상,인·적성,동국대 WISE,T3 행동·정보,
동국대WISE의대면접대비,동국대 WISE,경상,인·적성,동국대 WISE,T3 행동·정보,
동국대WISE의대면접학원,동국대 WISE,경상,인·적성,동국대 WISE,T3 행동·정보,
동국대WISE의대면접과외,동국대 WISE,경상,인·적성,동국대 WISE,T3 행동·정보,
동국대WISE의대면접후기,동국대 WISE,경상,인·적성,동국대 WISE,T3 행동·정보,
동국대와이즈의대면접,동국대 WISE,경상,인·적성,동국대 WISE,T1 핵심,
동국대와이즈의대인적성면접,동국대 WISE,경상,인·적성,동국대 WISE,T2 유형,
동국대와이즈의대생기부면접,동국대 WISE,경상,인·적성,동국대 WISE,T2 유형,
동국대와이즈의대서류확인면접,동국대 WISE,경상,인·적성,동국대 WISE,T2 유형,
동국대와이즈의예과면접,동국대 WISE,경상,인·적성,동국대 WISE,T1 핵심,
동국대와이즈의예과인적성면접,동국대 WISE,경상,인·적성,동국대 WISE,T2 유형,
동국대와이즈의예과생기부면접,동국대 WISE,경상,인·적성,동국대 WISE,T2 유형,
동국대와이즈의예과서류확인면접,동국대 WISE,경상,인·적성,동국대 WISE,T2 유형,
동국대와이즈의대면접기출,동국대 WISE,경상,인·적성,동국대 WISE,T3 행동·정보,
동국대와이즈의대면접문제,동국대 WISE,경상,인·적성,동국대 WISE,T3 행동·정보,
동국대와이즈의대면접일,동국대 WISE,경상,인·적성,동국대 WISE,T3 행동·정보,
동국대와이즈의대면접일정,동국대 WISE,경상,인·적성,동국대 WISE,T3 행동·정보,
동국대와이즈의대면접준비,동국대 WISE,경상,인·적성,동국대 WISE,T3 행동·정보,
동국대와이즈의대면접대비,동국대 WISE,경상,인·적성,동국대 WISE,T3 행동·정보,
동국대와이즈의대면접학원,동국대 WISE,경상,인·적성,동국대 WISE,T3 행동·정보,
동국대와이즈의대면접과외,동국대 WISE,경상,인·적성,동국대 WISE,T3 행동·정보,
동국대와이즈의대면접후기,동국대 WISE,경상,인·적성,동국대 WISE,T3 행동·정보,
동국대경주의대면접,동국대 WISE,경상,인·적성,동국대 WISE,T1 핵심,
동국대경주의대인적성면접,동국대 WISE,경상,인·적성,동국대 WISE,T2 유형,
동국대경주의대생기부면접,동국대 WISE,경상,인·적성,동국대 WISE,T2 유형,
동국대경주의대서류확인면접,동국대 WISE,경상,인·적성,동국대 WISE,T2 유형,
동국대경주의예과면접,동국대 WISE,경상,인·적성,동국대 WISE,T1 핵심,
동국대경주의예과인적성면접,동국대 WISE,경상,인·적성,동국대 WISE,T2 유형,
동국대경주의예과생기부면접,동국대 WISE,경상,인·적성,동국대 WISE,T2 유형,
동국대경주의예과서류확인면접,동국대 WISE,경상,인·적성,동국대 WISE,T2 유형,
동국대경주의대면접기출,동국대 WISE,경상,인·적성,동국대 WISE,T3 행동·정보,
동국대경주의대면접문제,동국대 WISE,경상,인·적성,동국대 WISE,T3 행동·정보,
동국대경주의대면접일,동국대 WISE,경상,인·적성,동국대 WISE,T3 행동·정보,
동국대경주의대면접일정,동국대 WISE,경상,인·적성,동국대 WISE,T3 행동·정보,
동국대경주의대면접준비,동국대 WISE,경상,인·적성,동국대 WISE,T3 행동·정보,
동국대경주의대면접대비,동국대 WISE,경상,인·적성,동국대 WISE,T3 행동·정보,
동국대경주의대면접학원,동국대 WISE,경상,인·적성,동국대 WISE,T3 행동·정보,
동국대경주의대면접과외,동국대 WISE,경상,인·적성,동국대 WISE,T3 행동·정보,
동국대경주의대면접후기,동국대 WISE,경상,인·적성,동국대 WISE,T3 행동·정보,
경주동국대의대면접,동국대 WISE,경상,인·적성,동국대 WISE,T1 핵심,
경주동국대의대인적성면접,동국대 WISE,경상,인·적성,동국대 WISE,T2 유형,
경주동국대의대생기부면접,동국대 WISE,경상,인·적성,동국대 WISE,T2 유형,
경주동국대의대서류확인면접,동국대 WISE,경상,인·적성,동국대 WISE,T2 유형,
경주동국대의예과면접,동국대 WISE,경상,인·적성,동국대 WISE,T1 핵심,
경주동국대의예과인적성면접,동국대 WISE,경상,인·적성,동국대 WISE,T2 유형,
경주동국대의예과생기부면접,동국대 WISE,경상,인·적성,동국대 WISE,T2 유형,
경주동국대의예과서류확인면접,동국대 WISE,경상,인·적성,동국대 WISE,T2 유형,
경주동국대의대면접기출,동국대 WISE,경상,인·적성,동국대 WISE,T3 행동·정보,
경주동국대의대면접문제,동국대 WISE,경상,인·적성,동국대 WISE,T3 행동·정보,
경주동국대의대면접일,동국대 WISE,경상,인·적성,동국대 WISE,T3 행동·정보,
경주동국대의대면접일정,동국대 WISE,경상,인·적성,동국대 WISE,T3 행동·정보,
경주동국대의대면접준비,동국대 WISE,경상,인·적성,동국대 WISE,T3 행동·정보,
경주동국대의대면접대비,동국대 WISE,경상,인·적성,동국대 WISE,T3 행동·정보,
경주동국대의대면접학원,동국대 WISE,경상,인·적성,동국대 WISE,T3 행동·정보,
경주동국대의대면접과외,동국대 WISE,경상,인·적성,동국대 WISE,T3 행동·정보,
경주동국대의대면접후기,동국대 WISE,경상,인·적성,동국대 WISE,T3 행동·정보,
동국대의대면접,동국대 WISE,경상,인·적성,동국대 WISE,T1 핵심,서울캠퍼스는 의대가 없어 실제로는 WISE 를 가리킨다
동국대의대인적성면접,동국대 WISE,경상,인·적성,동국대 WISE,T2 유형,서울캠퍼스는 의대가 없어 실제로는 WISE 를 가리킨다
동국대의대생기부면접,동국대 WISE,경상,인·적성,동국대 WISE,T2 유형,서울캠퍼스는 의대가 없어 실제로는 WISE 를 가리킨다
동국대의대서류확인면접,동국대 WISE,경상,인·적성,동국대 WISE,T2 유형,서울캠퍼스는 의대가 없어 실제로는 WISE 를 가리킨다
동국대의예과면접,동국대 WISE,경상,인·적성,동국대 WISE,T1 핵심,서울캠퍼스는 의대가 없어 실제로는 WISE 를 가리킨다
동국대의예과인적성면접,동국대 WISE,경상,인·적성,동국대 WISE,T2 유형,서울캠퍼스는 의대가 없어 실제로는 WISE 를 가리킨다
동국대의예과생기부면접,동국대 WISE,경상,인·적성,동국대 WISE,T2 유형,서울캠퍼스는 의대가 없어 실제로는 WISE 를 가리킨다
동국대의예과서류확인면접,동국대 WISE,경상,인·적성,동국대 WISE,T2 유형,서울캠퍼스는 의대가 없어 실제로는 WISE 를 가리킨다
동국대의대면접기출,동국대 WISE,경상,인·적성,동국대 WISE,T3 행동·정보,서울캠퍼스는 의대가 없어 실제로는 WISE 를 가리킨다
동국대의대면접문제,동국대 WISE,경상,인·적성,동국대 WISE,T3 행동·정보,서울캠퍼스는 의대가 없어 실제로는 WISE 를 가리킨다
동국대의대면접일,동국대 WISE,경상,인·적성,동국대 WISE,T3 행동·정보,서울캠퍼스는 의대가 없어 실제로는 WISE 를 가리킨다
동국대의대면접일정,동국대 WISE,경상,인·적성,동국대 WISE,T3 행동·정보,서울캠퍼스는 의대가 없어 실제로는 WISE 를 가리킨다
동국대의대면접준비,동국대 WISE,경상,인·적성,동국대 WISE,T3 행동·정보,서울캠퍼스는 의대가 없어 실제로는 WISE 를 가리킨다
동국대의대면접대비,동국대 WISE,경상,인·적성,동국대 WISE,T3 행동·정보,서울캠퍼스는 의대가 없어 실제로는 WISE 를 가리킨다
동국대의대면접학원,동국대 WISE,경상,인·적성,동국대 WISE,T3 행동·정보,서울캠퍼스는 의대가 없어 실제로는 WISE 를 가리킨다
동국대의대면접과외,동국대 WISE,경상,인·적성,동국대 WISE,T3 행동·정보,서울캠퍼스는 의대가 없어 실제로는 WISE 를 가리킨다
동국대의대면접후기,동국대 WISE,경상,인·적성,동국대 WISE,T3 행동·정보,서울캠퍼스는 의대가 없어 실제로는 WISE 를 가리킨다
동아대의대면접,동아대,경상,인·적성,동아대,T1 핵심,
동아대의대인적성면접,동아대,경상,인·적성,동아대,T2 유형,
동아대의대생기부면접,동아대,경상,인·적성,동아대,T2 유형,
동아대의대서류확인면접,동아대,경상,인·적성,동아대,T2 유형,
동아대의예과면접,동아대,경상,인·적성,동아대,T1 핵심,
동아대의예과인적성면접,동아대,경상,인·적성,동아대,T2 유형,
동아대의예과생기부면접,동아대,경상,인·적성,동아대,T2 유형,
동아대의예과서류확인면접,동아대,경상,인·적성,동아대,T2 유형,
동아대의대면접기출,동아대,경상,인·적성,동아대,T3 행동·정보,
동아대의대면접문제,동아대,경상,인·적성,동아대,T3 행동·정보,
동아대의대면접일,동아대,경상,인·적성,동아대,T3 행동·정보,
동아대의대면접일정,동아대,경상,인·적성,동아대,T3 행동·정보,
동아대의대면접준비,동아대,경상,인·적성,동아대,T3 행동·정보,
동아대의대면접대비,동아대,경상,인·적성,동아대,T3 행동·정보,
동아대의대면접학원,동아대,경상,인·적성,동아대,T3 행동·정보,
동아대의대면접과외,동아대,경상,인·적성,동아대,T3 행동·정보,
동아대의대면접후기,동아대,경상,인·적성,동아대,T3 행동·정보,
동아의대면접,동아대,경상,인·적성,동아대,T1 핵심,
동아의대인적성면접,동아대,경상,인·적성,동아대,T2 유형,
동아의대생기부면접,동아대,경상,인·적성,동아대,T2 유형,
동아의대서류확인면접,동아대,경상,인·적성,동아대,T2 유형,
동아의예과면접,동아대,경상,인·적성,동아대,T1 핵심,
동아의예과인적성면접,동아대,경상,인·적성,동아대,T2 유형,
동아의예과생기부면접,동아대,경상,인·적성,동아대,T2 유형,
동아의예과서류확인면접,동아대,경상,인·적성,동아대,T2 유형,
동아의대면접기출,동아대,경상,인·적성,동아대,T3 행동·정보,
동아의대면접문제,동아대,경상,인·적성,동아대,T3 행동·정보,
동아의대면접일,동아대,경상,인·적성,동아대,T3 행동·정보,
동아의대면접일정,동아대,경상,인·적성,동아대,T3 행동·정보,
동아의대면접준비,동아대,경상,인·적성,동아대,T3 행동·정보,
동아의대면접대비,동아대,경상,인·적성,동아대,T3 행동·정보,
동아의대면접학원,동아대,경상,인·적성,동아대,T3 행동·정보,
동아의대면접과외,동아대,경상,인·적성,동아대,T3 행동·정보,
동아의대면접후기,동아대,경상,인·적성,동아대,T3 행동·정보,
부산대의대면접,부산대,경상,MMI,부산대,T1 핵심,
부산대의대mmi,부산대,경상,MMI,부산대,T2 유형,
부산대의대mmi면접,부산대,경상,MMI,부산대,T2 유형,
부산대의대다중미니면접,부산대,경상,MMI,부산대,T2 유형,
부산대의예과면접,부산대,경상,MMI,부산대,T1 핵심,
부산대의예과mmi,부산대,경상,MMI,부산대,T2 유형,
부산대의예과mmi면접,부산대,경상,MMI,부산대,T2 유형,
부산대의예과다중미니면접,부산대,경상,MMI,부산대,T2 유형,
부산대의대면접기출,부산대,경상,MMI,부산대,T3 행동·정보,
부산대의대면접문제,부산대,경상,MMI,부산대,T3 행동·정보,
부산대의대면접일,부산대,경상,MMI,부산대,T3 행동·정보,
부산대의대면접일정,부산대,경상,MMI,부산대,T3 행동·정보,
부산대의대면접준비,부산대,경상,MMI,부산대,T3 행동·정보,
부산대의대면접대비,부산대,경상,MMI,부산대,T3 행동·정보,
부산대의대면접학원,부산대,경상,MMI,부산대,T3 행동·정보,
부산대의대면접과외,부산대,경상,MMI,부산대,T3 행동·정보,
부산대의대면접후기,부산대,경상,MMI,부산대,T3 행동·정보,
부대의대면접,부산대,경상,MMI,부산대,T1 핵심,일반명사 '부대'와 충돌
부대의대mmi,부산대,경상,MMI,부산대,T2 유형,일반명사 '부대'와 충돌
부대의대mmi면접,부산대,경상,MMI,부산대,T2 유형,일반명사 '부대'와 충돌
부대의대다중미니면접,부산대,경상,MMI,부산대,T2 유형,일반명사 '부대'와 충돌
부대의예과면접,부산대,경상,MMI,부산대,T1 핵심,일반명사 '부대'와 충돌
부대의예과mmi,부산대,경상,MMI,부산대,T2 유형,일반명사 '부대'와 충돌
부대의예과mmi면접,부산대,경상,MMI,부산대,T2 유형,일반명사 '부대'와 충돌
부대의예과다중미니면접,부산대,경상,MMI,부산대,T2 유형,일반명사 '부대'와 충돌
부대의대면접기출,부산대,경상,MMI,부산대,T3 행동·정보,일반명사 '부대'와 충돌
부대의대면접문제,부산대,경상,MMI,부산대,T3 행동·정보,일반명사 '부대'와 충돌
부대의대면접일,부산대,경상,MMI,부산대,T3 행동·정보,일반명사 '부대'와 충돌
부대의대면접일정,부산대,경상,MMI,부산대,T3 행동·정보,일반명사 '부대'와 충돌
부대의대면접준비,부산대,경상,MMI,부산대,T3 행동·정보,일반명사 '부대'와 충돌
부대의대면접대비,부산대,경상,MMI,부산대,T3 행동·정보,일반명사 '부대'와 충돌
부대의대면접학원,부산대,경상,MMI,부산대,T3 행동·정보,일반명사 '부대'와 충돌
부대의대면접과외,부산대,경상,MMI,부산대,T3 행동·정보,일반명사 '부대'와 충돌
부대의대면접후기,부산대,경상,MMI,부산대,T3 행동·정보,일반명사 '부대'와 충돌
부산의대면접,부산대,경상,MMI,부산대,T1 핵심,
부산의대mmi,부산대,경상,MMI,부산대,T2 유형,
부산의대mmi면접,부산대,경상,MMI,부산대,T2 유형,
부산의대다중미니면접,부산대,경상,MMI,부산대,T2 유형,
부산의예과면접,부산대,경상,MMI,부산대,T1 핵심,
부산의예과mmi,부산대,경상,MMI,부산대,T2 유형,
부산의예과mmi면접,부산대,경상,MMI,부산대,T2 유형,
부산의예과다중미니면접,부산대,경상,MMI,부산대,T2 유형,
부산의대면접기출,부산대,경상,MMI,부산대,T3 행동·정보,
부산의대면접문제,부산대,경상,MMI,부산대,T3 행동·정보,
부산의대면접일,부산대,경상,MMI,부산대,T3 행동·정보,
부산의대면접일정,부산대,경상,MMI,부산대,T3 행동·정보,
부산의대면접준비,부산대,경상,MMI,부산대,T3 행동·정보,
부산의대면접대비,부산대,경상,MMI,부산대,T3 행동·정보,
부산의대면접학원,부산대,경상,MMI,부산대,T3 행동·정보,
부산의대면접과외,부산대,경상,MMI,부산대,T3 행동·정보,
부산의대면접후기,부산대,경상,MMI,부산대,T3 행동·정보,
영남대의대면접,영남대,경상,제시문,영남대,T1 핵심,
영남대의대제시문면접,영남대,경상,제시문,영남대,T2 유형,
영남대의대제시문,영남대,경상,제시문,영남대,T2 유형,
영남대의예과면접,영남대,경상,제시문,영남대,T1 핵심,
영남대의예과제시문면접,영남대,경상,제시문,영남대,T2 유형,
영남대의예과제시문,영남대,경상,제시문,영남대,T2 유형,
영남대의대면접기출,영남대,경상,제시문,영남대,T3 행동·정보,
영남대의대면접문제,영남대,경상,제시문,영남대,T3 행동·정보,
영남대의대면접일,영남대,경상,제시문,영남대,T3 행동·정보,
영남대의대면접일정,영남대,경상,제시문,영남대,T3 행동·정보,
영남대의대면접준비,영남대,경상,제시문,영남대,T3 행동·정보,
영남대의대면접대비,영남대,경상,제시문,영남대,T3 행동·정보,
영남대의대면접학원,영남대,경상,제시문,영남대,T3 행동·정보,
영남대의대면접과외,영남대,경상,제시문,영남대,T3 행동·정보,
영남대의대면접후기,영남대,경상,제시문,영남대,T3 행동·정보,
영남의대면접,영남대,경상,제시문,영남대,T1 핵심,
영남의대제시문면접,영남대,경상,제시문,영남대,T2 유형,
영남의대제시문,영남대,경상,제시문,영남대,T2 유형,
영남의예과면접,영남대,경상,제시문,영남대,T1 핵심,
영남의예과제시문면접,영남대,경상,제시문,영남대,T2 유형,
영남의예과제시문,영남대,경상,제시문,영남대,T2 유형,
영남의대면접기출,영남대,경상,제시문,영남대,T3 행동·정보,
영남의대면접문제,영남대,경상,제시문,영남대,T3 행동·정보,
영남의대면접일,영남대,경상,제시문,영남대,T3 행동·정보,
영남의대면접일정,영남대,경상,제시문,영남대,T3 행동·정보,
영남의대면접준비,영남대,경상,제시문,영남대,T3 행동·정보,
영남의대면접대비,영남대,경상,제시문,영남대,T3 행동·정보,
영남의대면접학원,영남대,경상,제시문,영남대,T3 행동·정보,
영남의대면접과외,영남대,경상,제시문,영남대,T3 행동·정보,
영남의대면접후기,영남대,경상,제시문,영남대,T3 행동·정보,
울산대의대면접,울산대,경상,MMI,울산대,T1 핵심,
울산대의대mmi,울산대,경상,MMI,울산대,T2 유형,
울산대의대mmi면접,울산대,경상,MMI,울산대,T2 유형,
울산대의대다중미니면접,울산대,경상,MMI,울산대,T2 유형,
울산대의예과면접,울산대,경상,MMI,울산대,T1 핵심,
울산대의예과mmi,울산대,경상,MMI,울산대,T2 유형,
울산대의예과mmi면접,울산대,경상,MMI,울산대,T2 유형,
울산대의예과다중미니면접,울산대,경상,MMI,울산대,T2 유형,
울산대의대면접기출,울산대,경상,MMI,울산대,T3 행동·정보,
울산대의대면접문제,울산대,경상,MMI,울산대,T3 행동·정보,
울산대의대면접일,울산대,경상,MMI,울산대,T3 행동·정보,
울산대의대면접일정,울산대,경상,MMI,울산대,T3 행동·정보,
울산대의대면접준비,울산대,경상,MMI,울산대,T3 행동·정보,
울산대의대면접대비,울산대,경상,MMI,울산대,T3 행동·정보,
울산대의대면접학원,울산대,경상,MMI,울산대,T3 행동·정보,
울산대의대면접과외,울산대,경상,MMI,울산대,T3 행동·정보,
울산대의대면접후기,울산대,경상,MMI,울산대,T3 행동·정보,
울산의대면접,울산대,경상,MMI,울산대,T1 핵심,
울산의대mmi,울산대,경상,MMI,울산대,T2 유형,
울산의대mmi면접,울산대,경상,MMI,울산대,T2 유형,
울산의대다중미니면접,울산대,경상,MMI,울산대,T2 유형,
울산의예과면접,울산대,경상,MMI,울산대,T1 핵심,
울산의예과mmi,울산대,경상,MMI,울산대,T2 유형,
울산의예과mmi면접,울산대,경상,MMI,울산대,T2 유형,
울산의예과다중미니면접,울산대,경상,MMI,울산대,T2 유형,
울산의대면접기출,울산대,경상,MMI,울산대,T3 행동·정보,
울산의대면접문제,울산대,경상,MMI,울산대,T3 행동·정보,
울산의대면접일,울산대,경상,MMI,울산대,T3 행동·정보,
울산의대면접일정,울산대,경상,MMI,울산대,T3 행동·정보,
울산의대면접준비,울산대,경상,MMI,울산대,T3 행동·정보,
울산의대면접대비,울산대,경상,MMI,울산대,T3 행동·정보,
울산의대면접학원,울산대,경상,MMI,울산대,T3 행동·정보,
울산의대면접과외,울산대,경상,MMI,울산대,T3 행동·정보,
울산의대면접후기,울산대,경상,MMI,울산대,T3 행동·정보,
인제대의대면접,인제대,경상,MMI,인제대,T1 핵심,
인제대의대mmi,인제대,경상,MMI,인제대,T2 유형,
인제대의대mmi면접,인제대,경상,MMI,인제대,T2 유형,
인제대의대다중미니면접,인제대,경상,MMI,인제대,T2 유형,
인제대의예과면접,인제대,경상,MMI,인제대,T1 핵심,
인제대의예과mmi,인제대,경상,MMI,인제대,T2 유형,
인제대의예과mmi면접,인제대,경상,MMI,인제대,T2 유형,
인제대의예과다중미니면접,인제대,경상,MMI,인제대,T2 유형,
인제대의대면접기출,인제대,경상,MMI,인제대,T3 행동·정보,
인제대의대면접문제,인제대,경상,MMI,인제대,T3 행동·정보,
인제대의대면접일,인제대,경상,MMI,인제대,T3 행동·정보,
인제대의대면접일정,인제대,경상,MMI,인제대,T3 행동·정보,
인제대의대면접준비,인제대,경상,MMI,인제대,T3 행동·정보,
인제대의대면접대비,인제대,경상,MMI,인제대,T3 행동·정보,
인제대의대면접학원,인제대,경상,MMI,인제대,T3 행동·정보,
인제대의대면접과외,인제대,경상,MMI,인제대,T3 행동·정보,
인제대의대면접후기,인제대,경상,MMI,인제대,T3 행동·정보,
인제의대면접,인제대,경상,MMI,인제대,T1 핵심,
인제의대mmi,인제대,경상,MMI,인제대,T2 유형,
인제의대mmi면접,인제대,경상,MMI,인제대,T2 유형,
인제의대다중미니면접,인제대,경상,MMI,인제대,T2 유형,
인제의예과면접,인제대,경상,MMI,인제대,T1 핵심,
인제의예과mmi,인제대,경상,MMI,인제대,T2 유형,
인제의예과mmi면접,인제대,경상,MMI,인제대,T2 유형,
인제의예과다중미니면접,인제대,경상,MMI,인제대,T2 유형,
인제의대면접기출,인제대,경상,MMI,인제대,T3 행동·정보,
인제의대면접문제,인제대,경상,MMI,인제대,T3 행동·정보,
인제의대면접일,인제대,경상,MMI,인제대,T3 행동·정보,
인제의대면접일정,인제대,경상,MMI,인제대,T3 행동·정보,
인제의대면접준비,인제대,경상,MMI,인제대,T3 행동·정보,
인제의대면접대비,인제대,경상,MMI,인제대,T3 행동·정보,
인제의대면접학원,인제대,경상,MMI,인제대,T3 행동·정보,
인제의대면접과외,인제대,경상,MMI,인제대,T3 행동·정보,
인제의대면접후기,인제대,경상,MMI,인제대,T3 행동·정보,
제주대의대면접,제주대,제주,인·적성,제주대,T1 핵심,
제주대의대인적성면접,제주대,제주,인·적성,제주대,T2 유형,
제주대의대생기부면접,제주대,제주,인·적성,제주대,T2 유형,
제주대의대서류확인면접,제주대,제주,인·적성,제주대,T2 유형,
제주대의예과면접,제주대,제주,인·적성,제주대,T1 핵심,
제주대의예과인적성면접,제주대,제주,인·적성,제주대,T2 유형,
제주대의예과생기부면접,제주대,제주,인·적성,제주대,T2 유형,
제주대의예과서류확인면접,제주대,제주,인·적성,제주대,T2 유형,
제주대의대면접기출,제주대,제주,인·적성,제주대,T3 행동·정보,
제주대의대면접문제,제주대,제주,인·적성,제주대,T3 행동·정보,
제주대의대면접일,제주대,제주,인·적성,제주대,T3 행동·정보,
제주대의대면접일정,제주대,제주,인·적성,제주대,T3 행동·정보,
제주대의대면접준비,제주대,제주,인·적성,제주대,T3 행동·정보,
제주대의대면접대비,제주대,제주,인·적성,제주대,T3 행동·정보,
제주대의대면접학원,제주대,제주,인·적성,제주대,T3 행동·정보,
제주대의대면접과외,제주대,제주,인·적성,제주대,T3 행동·정보,
제주대의대면접후기,제주대,제주,인·적성,제주대,T3 행동·정보,
제주의대면접,제주대,제주,인·적성,제주대,T1 핵심,
제주의대인적성면접,제주대,제주,인·적성,제주대,T2 유형,
제주의대생기부면접,제주대,제주,인·적성,제주대,T2 유형,
제주의대서류확인면접,제주대,제주,인·적성,제주대,T2 유형,
제주의예과면접,제주대,제주,인·적성,제주대,T1 핵심,
제주의예과인적성면접,제주대,제주,인·적성,제주대,T2 유형,
제주의예과생기부면접,제주대,제주,인·적성,제주대,T2 유형,
제주의예과서류확인면접,제주대,제주,인·적성,제주대,T2 유형,
제주의대면접기출,제주대,제주,인·적성,제주대,T3 행동·정보,
제주의대면접문제,제주대,제주,인·적성,제주대,T3 행동·정보,
제주의대면접일,제주대,제주,인·적성,제주대,T3 행동·정보,
제주의대면접일정,제주대,제주,인·적성,제주대,T3 행동·정보,
제주의대면접준비,제주대,제주,인·적성,제주대,T3 행동·정보,
제주의대면접대비,제주대,제주,인·적성,제주대,T3 행동·정보,
제주의대면접학원,제주대,제주,인·적성,제주대,T3 행동·정보,
제주의대면접과외,제주대,제주,인·적성,제주대,T3 행동·정보,
제주의대면접후기,제주대,제주,인·적성,제주대,T3 행동·정보,
